id,date_published,caption,media_type,permalink,media_url,thumbnail_url,like_count,comment_count,impressions,reach,saved,video_views
18071787950401194,2026-07-26T20:55:22+0000,"Celebrating another year surrounded by family, friends, and so much to be grateful for. 

Thank you to everyone who made the occasion so memorable. Here’s to the year ahead.",CAROUSEL_ALBUM,https://www.instagram.com/p/DbRS_WlCTfj/,https://scontent-sjc3-1.cdninstagram.com/v/t51.82787-15/756740069_18106518623120341_4963563808475687250_n.jpg?stp=dst-jpg_e35_tt6&_nc_cat=110&ccb=7-5&_nc_sid=18de74&efg=eyJlZmdfdGFnIjoiQ0FST1VTRUxfSVRFTS5iZXN0X2ltYWdlX3VybGdlbi5DMiJ9&_nc_ohc=1NEvMRdy9moQ7kNvwFJHLhX&_nc_oc=AdpAgUB1fEi6ZyOrN2F1KekLicGxtFmvZ0T2s97SbpB8AYAAGCCp18RFbUfmULk-a2o&_nc_zt=23&_nc_ht=scontent-sjc3-1.cdninstagram.com&edm=ANo9K5cEAAAA&_nc_gid=Hpc2oWLmTDuEYST0KvlJ8Q&_nc_tpa=Q5bMBQHZAo_QFYXafSFc8AJQQRsRW_tOJQRxEeiOZ1nHaxYhnWOUjqwmNYbPvvYyMXSQcYG_4SCcJxcY0A&oh=00_AQDHHvIlfq_1dTPsMNYiuiacZ3YJgiBwNlij5m3FqBrTQQ&oe=6A6D121C,,26,4,,,,
18087788696556499,2026-07-26T14:31:15+0000,"St. James and St. Peter are not two versions of the same Barbados property decisions. 

They suit different buyers with different objectives.

St. James carries international familiarity. 

That familiarity has a value that is easy to underestimate.

Buyers who may sell again — or whose advisors need to present the acquisition to a committee — benefit from a location that requires no explanation. The liquidity premium is real and it compounds over time.

St. Peter rewards a different brief. More land. Fewer neighbours. A quieter hold. For the buyer whose objective is long-term lifestyle rather than resale positioning, the northwest corridor often represents the stronger acquisition.

I have worked with buyers who deliberated between the two as if it were a preference question. It is not. 

The right location follows from the brief. When the brief is clear, the choice usually is too.

contact@cadrean.com

#BarbadosProperty #StJamesBarbados #WestCoastBarbados #BarbadosRealEstate #BarbadosLiving",CAROUSEL_ALBUM,https://www.instagram.com/p/DbQnAhJgISe/,https://scontent-sjc6-1.cdninstagram.com/v/t51.82787-15/756535856_18106487825120341_774591633751925858_n.jpg?stp=dst-jpg_e35_tt6&_nc_cat=104&ccb=7-5&_nc_sid=18de74&efg=eyJlZmdfdGFnIjoiQ0FST1VTRUxfSVRFTS5iZXN0X2ltYWdlX3VybGdlbi5DMiJ9&_nc_ohc=C5Aiv_Sk820Q7kNvwE0WZLM&_nc_oc=AdrAiiGy2u8FeylO4xyHEMz4LGsA_eG6ICbQESXVlIWpDm-zKy-X49G8u69bjtUbQ7c&_nc_zt=23&_nc_ht=scontent-sjc6-1.cdninstagram.com&edm=ANo9K5cEAAAA&_nc_gid=Hpc2oWLmTDuEYST0KvlJ8Q&_nc_tpa=Q5bMBQHxDuz7w5r4uCDiOFIN_C0g71wfVoLjjravS2rbkgSpyl15iQdQ1a_kl0D8CXApOqx2AMSVXL_kiw&oh=00_AQB-DiVLuJkOzLdyprLP1WKQZrFNgpAbfNkdF7-xlua7MA&oe=6A6CEA7E,,3,0,,,,
18113843137941214,2026-07-25T14:54:54+0000,"Every buyer I have worked with has said some version of the same thing after their second visit to Barbados.

The first time, they saw the island. The second time, they saw the market.

The first visit produces impressions — of the light, the pace, the lifestyle.

The second visit produces questions. About specific properties. Specific locations. Specific conditions that only become visible once the general impression has settled.

The second visit brings a different perspective. It is often the one that turns interest into a confident decision.

contact@cadrean.com

#BarbadosProperty #BarbadosRealEstate #BuyerRepresentation #BarbadosLiving #CadreanBarbados",IMAGE,https://www.instagram.com/p/DbOE6KACELL/,https://scontent-sjc3-1.cdninstagram.com/v/t51.82787-15/755034860_18106385924120341_9019408481338675826_n.jpg?stp=dst-jpg_e35_tt6&_nc_cat=110&ccb=7-5&_nc_sid=18de74&efg=eyJlZmdfdGFnIjoiRkVFRC5iZXN0X2ltYWdlX3VybGdlbi5DMiJ9&_nc_ohc=TUH_dQHQdpYQ7kNvwEPs1ye&_nc_oc=AdofCJGcC-fmIpxynQLc-3WE8OnT_7uUnQ0Qul4z6kx1RIxNZjRV35HOqZKIJX8VmUU&_nc_zt=23&_nc_ht=scontent-sjc3-1.cdninstagram.com&edm=ANo9K5cEAAAA&_nc_gid=Hpc2oWLmTDuEYST0KvlJ8Q&_nc_tpa=Q5bMBQHcjsrJBdAGBmNhNqiY-feF4wtGxWNC0qYJdVIR_ODWlGO1t3nYwAiWl0s-f-NDl235ZhdBh1yIxQ&oh=00_AQDNQti2W5FUx7XLDHmNJA8Z8caQ_uN9sYX9umG3Nd6IPA&oe=6A6CF0F6,,3,0,,,,
18138684466565301,2026-07-23T13:53:28+0000,"Royal Westmoreland has one of the most consistent resale records in Barbados.

That consistency is not accidental.

It is the result of a clearly defined estate with a clearly defined buyer profile.

The covenants are strict. The lifestyle is managed and secure. The community is structured.

For the buyer whose brief aligns with that — long-term lifestyle, low day-to-day management, a secure environment with facilities — Royal Westmoreland delivers consistently.

The buyers I have seen thrive there arrived knowing what the estate was designed to do. 

The acquisition was straightforward because the brief already fit.

contact@cadrean.com

#BarbadosProperty #BarbadosRealEstate #BuyerRepresentation #BarbadosLiving #CadreanBarbados",CAROUSEL_ALBUM,https://www.instagram.com/p/DbI0UrRDuH0/,https://scontent-sjc3-1.cdninstagram.com/v/t51.82787-15/753206440_18106169612120341_1383179158138980761_n.jpg?stp=dst-jpg_e35_tt6&_nc_cat=105&ccb=7-5&_nc_sid=18de74&efg=eyJlZmdfdGFnIjoiQ0FST1VTRUxfSVRFTS5iZXN0X2ltYWdlX3VybGdlbi5DMiJ9&_nc_ohc=2isrtjKwnqwQ7kNvwEQj0Zi&_nc_oc=AdoQ4sGtZXzoiKfO5ahlTNsDpONRjoaWA8shovgD7xF3CQn9twv2biOT5jZlT7HdygE&_nc_zt=23&_nc_ht=scontent-sjc3-1.cdninstagram.com&edm=ANo9K5cEAAAA&_nc_gid=Hpc2oWLmTDuEYST0KvlJ8Q&_nc_tpa=Q5bMBQG0xiehRZSiBUZGpIaVqKlmTSDXYF1Fddr8S2Nk6EraTckb1WTEM3nvVIeMJXoIkpylzjNrTurl4A&oh=00_AQB-e-iDIn6f6XlTCU8xkksxIrl3kgaWj3Dsux3606529A&oe=6A6CE54A,,1,0,,,,
18327443896262372,2026-07-21T13:31:13+0000,"Two Barbados properties can look identical on paper. 

The difference is what they are bought to do. 

A lifestyle asset is acquired for personal use — the weeks on the island, the family visits, the life it enables.

An income asset is acquired to produce a return — net yield, occupancy, management overhead.

Most buyers in Barbados want elements of both. 

The brief has to decide which objective leads. When it does not, the asset tends to underperform on both measures.

The rental income is lower than modelled because the owner's weeks conflict with peak season.

The lifestyle is compromised because the property has to work commercially when the owner is not there.

The objective does not need to be one or the other. It needs to be decided.

contact@cadrean.com

#BarbadosProperty #BarbadosRealEstate #BuyerRepresentation #BarbadosLiving #CadreanBarbados",CAROUSEL_ALBUM,https://www.instagram.com/p/DbDoKgXDVOv/,https://scontent-sjc6-1.cdninstagram.com/v/t51.82787-15/753196854_18105970772120341_6503605229680757076_n.jpg?stp=dst-jpg_e35_tt6&_nc_cat=100&ccb=7-5&_nc_sid=18de74&efg=eyJlZmdfdGFnIjoiQ0FST1VTRUxfSVRFTS5iZXN0X2ltYWdlX3VybGdlbi5DMiJ9&_nc_ohc=Plrz1lO4NCMQ7kNvwFPb297&_nc_oc=AdrFS1BPGQ7Jjwa7rXkJJ18D1deqo5urrj1UrL-OraPtdVBKlJxUaLIQPaFHVGHQmxg&_nc_zt=23&_nc_ht=scontent-sjc6-1.cdninstagram.com&edm=ANo9K5cEAAAA&_nc_gid=Hpc2oWLmTDuEYST0KvlJ8Q&_nc_tpa=Q5bMBQEcY5Ch3IwFVgROB3o7zNmiYfP-ybdMq67xP4tEFaeKJtjm_lFsAVP1kHuixn8iLykvtwd43EV_zA&oh=00_AQDUFv433muJd6aOsjE8Rru2UQmAsSrpXDQfu2mfmaGiRQ&oe=6A6CFC16,,2,0,,,,
17936561820297515,2026-07-19T14:01:36+0000,"The acquisition brief is the most important document in a Barbados property search.

A wishlist describes preferences. A brief defines what the acquisition has to do — for the buyer's life, their capital, and their long-term position.

Every buyer I work with who has struggled to make a decision has had a wishlist, not a brief.

The viewings multiply. The criteria shift. The right property becomes harder to recognise because the standard keeps moving.

A brief changes that.

It narrows the search before it begins. It makes every viewing faster. It makes every decision easier to defend — to a partner, a trustee, or an advisor reviewing the file six months later.

contact@cadrean.com

#BarbadosProperty #BarbadosRealEstate #BuyerRepresentation #BarbadosLiving #CadreanBarbados",CAROUSEL_ALBUM,https://www.instagram.com/p/Da-iC1MCLoQ/,https://scontent-sjc6-1.cdninstagram.com/v/t51.82787-15/749846220_18105759221120341_5550919954411779079_n.jpg?stp=dst-jpg_e35_tt6&_nc_cat=104&ccb=7-5&_nc_sid=18de74&efg=eyJlZmdfdGFnIjoiQ0FST1VTRUxfSVRFTS5iZXN0X2ltYWdlX3VybGdlbi5DMiJ9&_nc_ohc=-hsIKJRJC5gQ7kNvwGQzTns&_nc_oc=AdoS9qVDazH7WngFJPLr3IPA8ZfbkfOkBny9Rittt-W8yevH_gKGStlhMDbpJnYbU5Q&_nc_zt=23&_nc_ht=scontent-sjc6-1.cdninstagram.com&edm=ANo9K5cEAAAA&_nc_gid=Hpc2oWLmTDuEYST0KvlJ8Q&_nc_tpa=Q5bMBQEYmo23oA4kG7SMugkizwJMRIzDhmB1vhePMSN9dn35P9GmdSCuQkPHe9TVf3MqaC_rgaGpV1gw3Q&oh=00_AQC_kxOBbgsgoQSwlcIFDQLnGhZOum6xrNo4nMFUBBfeBQ&oe=6A6CE952,,2,0,,,,
18005049692762753,2026-07-18T12:01:35+0000,"The property a buyer needed was rarely the one they found first. 

In most cases it was never listed.

Not because it wasn't available but because the seller had no reason to put it on the open market, and the buyer had no position from which to be introduced to it.

Off-market transactions in Barbados are not a separate category. They are how the most consequential properties move.

The buyers who access them are not better funded. They are better prepared.

They arrived with a clear mandate, a structured approach, and a relationship that gave them a position in the market before a listing existed.

By the time a property is visible, the serious conversation is usually over.

contact@cadrean.com

#BarbadosProperty #BarbadosRealEstate #BuyerRepresentation #BarbadosLiving #CadreanBarbados",IMAGE,https://www.instagram.com/p/Da7vgsXCPbW/,https://scontent-sjc6-1.cdninstagram.com/v/t51.82787-15/748986070_18105633035120341_2280020086685590789_n.jpg?stp=dst-jpg_e35_tt6&_nc_cat=104&ccb=7-5&_nc_sid=18de74&efg=eyJlZmdfdGFnIjoiRkVFRC5iZXN0X2ltYWdlX3VybGdlbi5DMiJ9&_nc_ohc=vufTo3qdTgQQ7kNvwG0ZVTA&_nc_oc=AdqAqd8ZK8Mvrbm23eumzImYFmSD04YMiAwORROWWVrSDMlDgGchmmuMLTsjuriML2I&_nc_zt=23&_nc_ht=scontent-sjc6-1.cdninstagram.com&edm=ANo9K5cEAAAA&_nc_gid=Hpc2oWLmTDuEYST0KvlJ8Q&_nc_tpa=Q5bMBQHLuDZFTipm7eZVMUILezFIYqlwGZNpVWfLR7T5rYAQ0Mk3zKQidOlPIkwCc_ASV7gofa7LQTfRdQ&oh=00_AQC5TY7K7GxwAKUK_JBUW1TRykjtlh9LKqIxfKXLIZNeag&oe=6A6CF4D7,,1,0,,,,
18097460522255646,2026-07-16T13:30:01+0000,"Price is not proof.

That is the single most important thing I tell a buyer who arrives having already decided what they can afford.

In a market as constrained as the West Coast of Barbados, asking price reflects demand as much as it reflects value. Sometimes more.

The properties I have watched buyers overpay for were not mispriced. They were misread.

Title integrity, build standard, coastal exposure, plot scarcity — these are the variables that determine whether a purchase holds its value and serves a buyer’s objective over time.

None of them are visible in the asking price. By the time price becomes the conversation, the due diligence should already be complete.

contact@cadrean.com

#BarbadosProperty #BarbadosRealEstate #BuyerRepresentation #BarbadosLiving #CadreanBarbados",CAROUSEL_ALBUM,https://www.instagram.com/p/Da2wLEyFo4E/,https://scontent-sjc6-1.cdninstagram.com/v/t51.82787-15/746494082_18105401291120341_3005509598194141819_n.jpg?stp=dst-jpg_e35_tt6&_nc_cat=102&ccb=7-5&_nc_sid=18de74&efg=eyJlZmdfdGFnIjoiQ0FST1VTRUxfSVRFTS5iZXN0X2ltYWdlX3VybGdlbi5DMiJ9&_nc_ohc=6jIvYgrX4tYQ7kNvwHKgyLc&_nc_oc=AdpQ_9THmGcRHNzlyrjB-Xl20Anhb_koao_Hd0S4kldH9TAw293nmyn3cINLMWBF5aA&_nc_zt=23&_nc_ht=scontent-sjc6-1.cdninstagram.com&edm=ANo9K5cEAAAA&_nc_gid=Hpc2oWLmTDuEYST0KvlJ8Q&_nc_tpa=Q5bMBQExonfJht55YGFVGBNuvfzE0_5pUV-0yPxtMMUJww5NuqU0gBAP7nuDOZgMyq0B9DKwoQASM7-eLg&oh=00_AQCRP5b3xH9gMvTLzP6jZLMSrYvfj2lbK5Le_O_8bsCUvg&oe=6A6CEE4E,,2,0,,,,
18115309561874937,2026-07-14T13:01:18+0000,"Barbados buyers trust that jurisdiction is part of the decision.

Every buyer I work with is moving capital across a border. That makes the question of where — not just what — a central part of the brief.

In June 2026, the IMF approved a precautionary Stand-By Arrangement for Barbados worth US$257 million.

The Barbadian government has indicated it will not draw on the arrangement unless conditions require it.

That is not a distress signal. It is the opposite. A government that arranges insurance before the storm arrives is one that has earned the credibility to do so.

For a buyer considering a long-hold acquisition in this jurisdiction, the signal is not economic. It is structural.

Barbados has spent the better part of a decade rebuilding its fiscal position.

The IMF arrangement is the independent confirmation of that work.

contact@cadrean.com

#BarbadosProperty #BarbadosRealEstate #BuyerRepresentation #BarbadosLiving #CadreanBarbados",CAROUSEL_ALBUM,https://www.instagram.com/p/DaxjLQTDIRw/,https://scontent-sjc6-1.cdninstagram.com/v/t51.82787-15/747723422_18105222815120341_3120560932170955329_n.jpg?stp=dst-jpg_e35_tt6&_nc_cat=102&ccb=7-5&_nc_sid=18de74&efg=eyJlZmdfdGFnIjoiQ0FST1VTRUxfSVRFTS5iZXN0X2ltYWdlX3VybGdlbi5DMiJ9&_nc_ohc=NlrbEQDoEzwQ7kNvwFRVrxk&_nc_oc=AdpSXH4PpOKnybE64W_dhU6AkW4KM4TyjKmkIqTYrIpnfVuR-N_si2pnhsn4bZAod0M&_nc_zt=23&_nc_ht=scontent-sjc6-1.cdninstagram.com&edm=ANo9K5cEAAAA&_nc_gid=Hpc2oWLmTDuEYST0KvlJ8Q&_nc_tpa=Q5bMBQFWHrHZuff6bHZmcvBp7ztN_maX1vdvm0_Na3OCk55Q7Fq-OAW7L5TVpYjha_huw4nbm3B2x2KDiw&oh=00_AQBe-88jH85bsaRmcUizth_o9GzdEnMtgfRsbq_qom2SeA&oe=6A6D0369,,2,0,,,,
18399924166080977,2026-07-12T13:31:11+0000,"The Barbados West Coast beachfront market is not running out of demand. It is running out of supply.

The parcels that remain — genuinely beachfront, buildable, with defensible title — are fewer than they were and will be fewer still in the future.

I have watched buyers arrive at this realization at exactly the wrong moment. 

Not because they lacked information, but because they treated the decision as something they could return to.

In a market this constrained, returning to a decision is rarely the same decision.

The window does not close dramatically. It closes quietly, one transaction at a time.

contact@cadrean.com

#BarbadosProperty #BarbadosRealEstate #BuyerRepresentation #BarbadosLiving #CadreanBarbados",CAROUSEL_ALBUM,https://www.instagram.com/p/DasdAS1DTPD/,https://scontent-sjc3-1.cdninstagram.com/v/t51.82787-15/746430483_18105023459120341_86895154044733327_n.jpg?stp=dst-jpg_e35_tt6&_nc_cat=106&ccb=7-5&_nc_sid=18de74&efg=eyJlZmdfdGFnIjoiQ0FST1VTRUxfSVRFTS5iZXN0X2ltYWdlX3VybGdlbi5DMiJ9&_nc_ohc=5X6hgF4FXo8Q7kNvwEn8GOG&_nc_oc=AdrrRuTvMX_GCKJWtnKaXYkkZ8-BFpxzyjtxvOG0jzffGwQSHTB1SoHQLcCNgFdxgVw&_nc_zt=23&_nc_ht=scontent-sjc3-1.cdninstagram.com&edm=ANo9K5cEAAAA&_nc_gid=Hpc2oWLmTDuEYST0KvlJ8Q&_nc_tpa=Q5bMBQEQbkWK-qcZOzvS_Q099WOFcpBeerzsq-8YKZBLNehsd3DerSqcnJ0WWSd1dWpZEDfOf32nyj2t7w&oh=00_AQATthswB-gQ6J0Z0OO09CjdsNCE5f-7uGVNObhvjhsLLQ&oe=6A6CE69C,,3,0,,,,
18141890527550837,2026-07-11T13:49:19+0000,"The buyers I have worked with who made the strongest acquisitions shared one quality. 

They arrived knowing what they didn’t know.

Not uncertainty about the market. Certainty about the limits of what they could assess from the outside.

They understood that Barbados requires context that takes years to build — and that the most efficient way to acquire that context was through someone who already had it.

That approach changes everything. It shortens the search. It sharpens the brief. It removes the decisions that should never have been the buyer’s to make.

In forty years of working in this market, I have never seen a buyer overprepared. I have seen many who arrived confident in the wrong things.

contact@cadrean.com

#BarbadosProperty #BarbadosRealEstate #BuyerRepresentation #BarbadosLiving #CadreanBarbados",IMAGE,https://www.instagram.com/p/Dap6S26upM6/,https://scontent-sjc6-1.cdninstagram.com/v/t51.82787-15/745343124_18104912498120341_7545935652529526884_n.jpg?stp=dst-jpg_e35_tt6&_nc_cat=109&ccb=7-5&_nc_sid=18de74&efg=eyJlZmdfdGFnIjoiRkVFRC5iZXN0X2ltYWdlX3VybGdlbi5DMiJ9&_nc_ohc=6I3bsnzZ6-AQ7kNvwH7hEEu&_nc_oc=Ado8EGdw2ptn0HvJnHrhKRIrp5hHrCMYC0kt6B0AO5sn159MntWTR6mvY63DRrM_nTY&_nc_zt=23&_nc_ht=scontent-sjc6-1.cdninstagram.com&edm=ANo9K5cEAAAA&_nc_gid=Hpc2oWLmTDuEYST0KvlJ8Q&_nc_tpa=Q5bMBQHiYYHsEu87xr5S2_Sdp9vE1qeyAy1Kz5heouQhKjuYouWAkfjDGh4oZAnboK3MsYC2RCK1Zul1Gw&oh=00_AQAt48AVxKLj28eGVbTy5ZUVL0pKDEUadZsJqsMZFb5wnA&oe=6A6D0997,,2,0,,,,
18099539498241800,2026-07-09T13:22:31+0000,"Discretion is not a preference. It is a strategy.

The moment a buyer’s interest becomes visible, the dynamic shifts. Price can move before an offer is even made.

In a market where the same agents, developers, and advisors appear across transactions, information travels quickly.

Controlling information flow is not about secrecy. It is about protecting negotiating position.

The buyer who enters a negotiation without that control has already given something up. 

Done well, discretion allows a buyer to act with precision when the right property appears — without the market adjusting to meet them.

contact@cadrean.com

#BarbadosProperty #BarbadosRealEstate #BuyerRepresentation #CadreanBarbados #BarbadosLiving",CAROUSEL_ALBUM,https://www.instagram.com/p/DaktpvDlk9-/,https://scontent-sjc6-1.cdninstagram.com/v/t51.82787-15/742667944_18104698697120341_6151860445278547311_n.jpg?stp=dst-jpg_e35_tt6&_nc_cat=104&ccb=7-5&_nc_sid=18de74&efg=eyJlZmdfdGFnIjoiQ0FST1VTRUxfSVRFTS5iZXN0X2ltYWdlX3VybGdlbi5DMiJ9&_nc_ohc=KGDNIl52PoUQ7kNvwFWA03q&_nc_oc=AdpHxFAeOsC1bdyo4JCK8MFlEY99XVkADa-OTEtqCN3j-9toIIUKFvkMi7c48VyGrdk&_nc_zt=23&_nc_ht=scontent-sjc6-1.cdninstagram.com&edm=ANo9K5cEAAAA&_nc_gid=Hpc2oWLmTDuEYST0KvlJ8Q&_nc_tpa=Q5bMBQEJFCzu4fCP9pmnG2RleENYrjb8PG84bYW6D4REVg7UnelORq5W4AT30q8aRY7StMhXhm0DFpIeWQ&oh=00_AQCxlgLiCd4qiq1WvrAdt1gjkBA8o8J4QB5vJ2dUKH0pEQ&oe=6A6CE10A,,2,0,,,,
18097863311036352,2026-07-07T13:01:18+0000,"The Platinum Coast is not one market.

That is the single most important thing I tell buyers before we look at anything.

The name creates an impression of consistency. The reality is a narrow coastline with distinct segments, uneven stock, and value differences that do not announce themselves in a brochure.

Beachfront in St. James and an elevated position ten minutes inland can look comparable on paper. Beach quality, erosion history, build quality, and plot scarcity are the filters that matter before the price conversation begins.

The best West Coast properties are rarely widely marketed. When they do sell, the process tends to be quiet. By the time a listing is widely visible, the most interested buyers have already been involved for weeks.

contact@cadrean.com

#BarbadosProperty #BarbadosRealEstate #BuyerRepresentation #CadreanBarbados #BarbadosLiving",CAROUSEL_ALBUM,https://www.instagram.com/p/DafhnEZEap8/,https://scontent-sjc3-1.cdninstagram.com/v/t51.82787-15/741705191_18104500271120341_1315411734280649052_n.jpg?stp=dst-jpg_e35_tt6&_nc_cat=106&ccb=7-5&_nc_sid=18de74&efg=eyJlZmdfdGFnIjoiQ0FST1VTRUxfSVRFTS5iZXN0X2ltYWdlX3VybGdlbi5DMiJ9&_nc_ohc=UF6lI5wNBWkQ7kNvwFRalLj&_nc_oc=AdrDac0XWCh84jDGF1-BdGwLz-BE6CihdDdIix45b6Nk15fbILNVMmH_4CaUVLZWaZw&_nc_zt=23&_nc_ht=scontent-sjc3-1.cdninstagram.com&edm=ANo9K5cEAAAA&_nc_gid=Hpc2oWLmTDuEYST0KvlJ8Q&_nc_tpa=Q5bMBQGOiESDJG_e0C-Njiso4ItQmM4merBSCbu1kxUiG1DuCl0zHPwGbmRVIAe6KHNPuXCjyPKOMB4K4g&oh=00_AQAMyI5rZUsRJJ0qPl_kmWMg4IEdfZ7TYecLsVwA7RjDiw&oe=6A6D16D9,,3,0,,,,
18097760150351752,2026-07-05T14:31:16+0000,"The calendar is part of the brief. 

Every serious buyer I work with eventually asks the same question — is now a good time? 

Preparation matters more than the season. The buyers who move well in Barbados are not the ones who waited for the right season. They are the ones who were ready when conditions shifted in their favour. 

Summer is quieter. Foot traffic drops. Developers with unsold inventory are more open. Sellers who need to move are more accessible. That is how the market works when you understand its rhythm. 

The high season from December to April brings more to look at. It also brings more competition, firmer asking prices, and less room at the negotiating table. 

Being on the island in January is an experience. Closing in September is often the better deal. Know your brief before the season matters.

#BarbadosProperty #BarbadosRealEstate #BuyerRepresentation #BarbadosLiving #CadreanBarbados",CAROUSEL_ALBUM,https://www.instagram.com/p/DaaiURijQ8u/,https://scontent-sjc3-1.cdninstagram.com/v/t51.82787-15/732299158_18104284655120341_7418056169756076676_n.jpg?stp=dst-jpg_e35_tt6&_nc_cat=103&ccb=7-5&_nc_sid=18de74&efg=eyJlZmdfdGFnIjoiQ0FST1VTRUxfSVRFTS5iZXN0X2ltYWdlX3VybGdlbi5DMiJ9&_nc_ohc=inKCc39IDYIQ7kNvwGKN8oj&_nc_oc=AdqMY9QFnXH_YD-sFDqyhbMy_ZFttigx1MCZbPvwAdky-YgI081dEtmvZKk9m6CugB8&_nc_zt=23&_nc_ht=scontent-sjc3-1.cdninstagram.com&edm=ANo9K5cEAAAA&_nc_gid=Hpc2oWLmTDuEYST0KvlJ8Q&_nc_tpa=Q5bMBQEBym5hy0oq1P6JUX1cNOACawNlj4h75fHuH62JGZqC6HTgASc0nglDfb5I5B2uBYMtF16_q41IEQ&oh=00_AQDyfC7-iOOt3-DYR77avzeDn33EA8gK9jo6Y6PyplvSFA&oe=6A6D06F3,,4,0,,,,
18115545616751245,2026-07-04T13:00:29+0000,"Buying property in Barbados is rarely about finding the right property. 

It is about having the right relationships before you need them.

That is one of the realities overseas buyers discover after they arrive.

The strongest opportunities in Barbados real estate rarely depend on who sees them first. They depend on who is trusted, who receives the call and who is already part of the conversation.

Those relationships cannot be created during a property search.

They are built over years.

We represent overseas buyers buying property in Barbados so that they benefit from trusted local relationships, commercial judgement and market access from the very beginning.

The objective is not simply to find property.

It is to arrive in the market already in a stronger position.

#BuyingPropertyInBarbados #BarbadosRealEstate #BarbadosBuyerAdvisor #WestCoastBarbados #BarbadosPropertyMarket",IMAGE,https://www.instagram.com/p/DaXzH-TjkvH/,https://scontent-sjc3-1.cdninstagram.com/v/t51.82787-15/731373446_18104166146120341_2247770424858903989_n.jpg?stp=dst-jpg_e35_tt6&_nc_cat=106&ccb=7-5&_nc_sid=18de74&efg=eyJlZmdfdGFnIjoiRkVFRC5iZXN0X2ltYWdlX3VybGdlbi5DMiJ9&_nc_ohc=J5UwsxvK0okQ7kNvwHNshx6&_nc_oc=Adq1fx4d42stgiwXzUzKdyCJqF6QteXrXDWVJBCU5Ldb3ZdKjHywpLo4hmnfYap8Qzg&_nc_zt=23&_nc_ht=scontent-sjc3-1.cdninstagram.com&edm=ANo9K5cEAAAA&_nc_gid=Hpc2oWLmTDuEYST0KvlJ8Q&_nc_tpa=Q5bMBQHRDdKKegAeypQzW_YMWpPgCnPKrLXDfcTifG4h21hwa1QFZiF2ZhldOV6nM8YlqNIrX7_8m8lbhA&oh=00_AQDAtpzdXdwj0gPrMoUIb5tLCmc5IuVadY7FC-MXe5e9Ag&oe=6A6D0CE8,,15,1,,,,
18089500553093617,2026-07-02T14:51:02+0000,"Barbados places no restrictions on foreign property ownership. 

That is well understood. 

What is less understood is the Central Bank registration requirement — and what it actually protects.

Any foreign capital brought into Barbados to fund a property acquisition must be registered with the Exchange Control Authority of the Central Bank of Barbados.

Your attorney manages this as part of the transaction. It is a formality in the process. It is not a formality in consequence.

Correct registration at the point of purchase is what secures your right to repatriate your capital — and your gains — when you eventually exit.

Barbados applies no capital gains tax. Registration ensures that those proceeds can leave the island.

For a buyer deploying significant capital, this is not an administrative detail. It is a structural component of the acquisition.

It is one of the first things I confirm is in place.

contact@cadrean.com

#BarbadosRealEstate #BarbadosProperty #BuyerRepresentation #BarbadosLiving #CadreanBarbados",CAROUSEL_ALBUM,https://www.instagram.com/p/DaS2N5PAFfz/,https://scontent-sjc3-1.cdninstagram.com/v/t51.82787-15/731111356_18103973504120341_9116845675083088495_n.jpg?stp=dst-jpg_e35_tt6&_nc_cat=110&ccb=7-5&_nc_sid=18de74&efg=eyJlZmdfdGFnIjoiQ0FST1VTRUxfSVRFTS5iZXN0X2ltYWdlX3VybGdlbi5DMiJ9&_nc_ohc=u09CtIVdtxUQ7kNvwF9_nxN&_nc_oc=Adrvuks7MgLeVm-blwHLE6YDA3LHyaauBbqzEyhFqZGGiRDQ71TE4W04q2z5LqpfGlo&_nc_zt=23&_nc_ht=scontent-sjc3-1.cdninstagram.com&edm=ANo9K5cEAAAA&_nc_gid=Hpc2oWLmTDuEYST0KvlJ8Q&_nc_tpa=Q5bMBQHHVcMJ94wvgjwMvQLOEdbFCa9KddqLmwFfyFvqbNW6Lbrz2S0XS0VlJ2KJWTwGQah8t69MUsypww&oh=00_AQAUtXF0Tc3d90UB6eWlsE4r4hMOuYQZ6m7xVRt7Sbzq4w&oe=6A6D0D5F,,5,0,,,,
17967202937928901,2026-06-30T13:01:21+0000,"When capital moves into Barbados real estate, the conversation rarely starts with the property.

It starts with the mandate.

Each objective — capital preservation, yield, a base that pays for itself — produces a different acquisition framework.

The question I bring to an asset like this is structural. 

What does it cost to hold? 

What does it produce under current management, and what does it produce under optimised management? 

The gap between those two numbers is where the acquisition case is made or lost.

That is the work that happens before a buyer steps on the island.

contact@cadrean.com

#BarbadosRealEstate #BarbadosProperty #BuyerRepresentation #BarbadosLiving #CadreanBarbados",CAROUSEL_ALBUM,https://www.instagram.com/p/DaNgDXujdML/,https://scontent-sjc3-1.cdninstagram.com/v/t51.82787-15/731173346_18103757792120341_1951091890194501918_n.jpg?stp=dst-jpg_e35_tt6&_nc_cat=110&ccb=7-5&_nc_sid=18de74&efg=eyJlZmdfdGFnIjoiQ0FST1VTRUxfSVRFTS5iZXN0X2ltYWdlX3VybGdlbi5DMiJ9&_nc_ohc=O6DmKEHmhHIQ7kNvwEarsaC&_nc_oc=AdoBQHzfLP-rZAemtZbvI12jeXMlrP8w170tYWvUORdoS2PlC3ZDIBdB8RHUEOHMvck&_nc_zt=23&_nc_ht=scontent-sjc3-1.cdninstagram.com&edm=ANo9K5cEAAAA&_nc_gid=Hpc2oWLmTDuEYST0KvlJ8Q&_nc_tpa=Q5bMBQHB-0NCAnjHnRgzIhKMRXrZkntaQ1ceAMeLlNHQ1TWUXY3LxPzFsT8V5Bwsx9jeAsoW662-EQOoYQ&oh=00_AQAxw-O7joLZ3HH6nyw7DQIBx617FIOkct1FHCnhTaDhmA&oe=6A6D1341,,3,0,,,,
18174350440417698,2026-06-28T14:32:01+0000,"Buying property in Barbados looks different when a buyer arrives prepared.

By the time we reach a site together, the pre-work is done. The development has been assessed, the right questions identified, the context gathered. 

The visit becomes a confirmation, not a discovery.

This is the difference representation makes. The buyer is not starting from scratch on the day. They are walking into a conversation they are already equipped to have.

contact@cadrean.com

#BarbadosRealEstate #BarbadosProperty #BuyerRepresentation #BarbadosLiving #CadreanBarbados",CAROUSEL_ALBUM,https://www.instagram.com/p/DaIg1HViB9b/,https://scontent-sjc6-1.cdninstagram.com/v/t51.82787-15/731031319_18103555757120341_1372978669545106560_n.jpg?stp=dst-jpg_e35_tt6&_nc_cat=101&ccb=7-5&_nc_sid=18de74&efg=eyJlZmdfdGFnIjoiQ0FST1VTRUxfSVRFTS5iZXN0X2ltYWdlX3VybGdlbi5DMiJ9&_nc_ohc=2R5WEE33VDgQ7kNvwECEZuE&_nc_oc=AdoE5W1SaD0kQh59Cwrk98gX-ahE8MVTrntjazptIp-HXizESYG_BtzW_N3aenv-B_k&_nc_zt=23&_nc_ht=scontent-sjc6-1.cdninstagram.com&edm=ANo9K5cEAAAA&_nc_gid=Hpc2oWLmTDuEYST0KvlJ8Q&_nc_tpa=Q5bMBQEaQMSMRTLJ9yu5cMXIuB5TQC-_moHfQYDQLX-tvQ8O6iEmV95KXHYDnpdjQJq_8VuBAPg2ZIb_-Q&oh=00_AQDmbfPc5MW799L6_fKZsPzGERSM53mGcxcbMYScnlXEtg&oe=6A6D0EB9,,2,0,,,,
18603328189036554,2026-06-27T00:34:12+0000,"Every property transaction in Barbados has a seller.

The seller has professional representation throughout the process.

Many overseas buyers don’t realize they can choose independent buyer representation too.

A buyer’s brief, property search, viewings, due diligence and negotiations all become clearer when someone is working solely in the buyer’s interests.

For me, buyer representation isn’t about finding more properties.

It’s about helping clients make better property decisions in Barbados.

Curated Opportunities. Absolute Discretion.

contact@cadrean.com

#BarbadosProperty #BuyerRepresentation #Barbados",IMAGE,https://www.instagram.com/p/DaEcIcgppPb/,https://scontent-sjc3-1.cdninstagram.com/v/t51.82787-15/727485787_18103392653120341_333528804823282091_n.jpg?stp=dst-jpg_e35_tt6&_nc_cat=105&ccb=7-5&_nc_sid=18de74&efg=eyJlZmdfdGFnIjoiRkVFRC5iZXN0X2ltYWdlX3VybGdlbi5DMiJ9&_nc_ohc=4cj2-M-nGssQ7kNvwE8JhEh&_nc_oc=AdokQiYuGsvFP7MTq0_Ljrqt4uRGh5Zk6KiEKkDVAvjgmnmSzkkmyranH0_NcCBnK3o&_nc_zt=23&_nc_ht=scontent-sjc3-1.cdninstagram.com&edm=ANo9K5cEAAAA&_nc_gid=Hpc2oWLmTDuEYST0KvlJ8Q&_nc_tpa=Q5bMBQEjD7oZOx26wE9mBPW0HEckl4-mYwdFaf2_fnME6W4f49Afw2K4AluMiYKKJC_DkjrEqtuZlwucNA&oh=00_AQDCkXrmOLBow8hAoAxhEpoZIzWoUE-S66-zJ2ajPl765Q&oe=6A6D0123,,4,0,,,,
18083233556551437,2026-06-24T15:02:22+0000,"Royal Ascot 2026.

A reminder that life's best days are measured by who you're spending them with.

Family, friends, laughter, and a few unforgettable moments along the way.",CAROUSEL_ALBUM,https://www.instagram.com/p/DZ-RH7uCMZz/,https://scontent-sjc3-1.cdninstagram.com/v/t51.82787-15/729375408_18103124045120341_7125754338012072291_n.jpg?stp=dst-jpg_e35_tt6&_nc_cat=110&ccb=7-5&_nc_sid=18de74&efg=eyJlZmdfdGFnIjoiQ0FST1VTRUxfSVRFTS5iZXN0X2ltYWdlX3VybGdlbi5DMiJ9&_nc_ohc=-Rm_y7s4SrYQ7kNvwFV9LN-&_nc_oc=AdqpHtBEpGKeSGYaCGLpeNGivG4FZH8iG9Lg4DOjDHUzJd0euNymZvwUqw2iuOmBJBE&_nc_zt=23&_nc_ht=scontent-sjc3-1.cdninstagram.com&edm=ANo9K5cEAAAA&_nc_gid=Hpc2oWLmTDuEYST0KvlJ8Q&_nc_tpa=Q5bMBQERkv7-ahqymcxMoXj7iqADW45mchBKtTl-k-812M3d_JcO0trILu_0QBZY44jBnJeWWUlXnEn3LA&oh=00_AQCDZKyQlmoEih0Uw9RNu0GdXO92Vo0LmFBjuevCUPQCsA&oe=6A6CE1BD,,51,6,,,,
18094563740591339,2026-06-19T15:45:35+0000,"Every completed property begins as a plan.

The challenge for buyers is deciding when to enter the process.

Bijou Residences is currently under construction in Mount Standfast, St James, one of the most established locations on Barbados’ West Coast.

For some buyers, completion provides certainty.

For others, pre-construction provides optionality.

The location already exists.

The community already exists.

The progress is visible.

The decision is simply where you prefer to enter the journey.

Bijou Residences is a reminder that property acquisition in Barbados does not always begin with a finished home.

Sometimes it begins much earlier.

Request your financial pack at contact@cadrean.com

#BarbadosProperty
#StJamesBarbados
#WestCoastBarbados #Cadrean #BuyerRepresentation",VIDEO,https://www.instagram.com/reel/DZxeEChOQMO/,https://scontent-sjc6-1.cdninstagram.com/o1/v/t2/f2/m86/AQOOV15fV9hoDuw1C5MvoOzOaOrKOj3H7ubv3M-oBse0bxUKqaWOJpWeVYSekGiwoRq0A4PxF4aSUbiNKZLwoPLzJVRbQ3f0y_Gzqeg.mp4?_nc_cat=100&_nc_sid=5e9851&_nc_ht=scontent-sjc6-1.cdninstagram.com&_nc_ohc=v8nA_r7QF-8Q7kNvwHa6Qh0&efg=eyJ2ZW5jb2RlX3RhZyI6Inhwdl9wcm9ncmVzc2l2ZS5JTlNUQUdSQU0uQ0xJUFMuQzIuNzIwLmRhc2hfYmFzZWxpbmVfMV92MSIsInhwdl9hc3NldF9pZCI6OTY4MzQ1NDY5NTI5MTQyLCJhc3NldF9hZ2VfZGF5cyI6MzcsInZpX3VzZWNhc2VfaWQiOjEwMDk5LCJkdXJhdGlvbl9zIjozNywidXJsZ2VuX3NvdXJjZSI6Ind3dyJ9&ccb=17-1&vs=617b54b1991e2cf6&_nc_vs=HBksFQIYUmlnX3hwdl9yZWVsc19wZXJtYW5lbnRfc3JfcHJvZC8zRDQ1RDI3MEJENkIzMjA5RTk1NDQ3MDlBRTgyMjk4NF92aWRlb19kYXNoaW5pdC5tcDQVAALIARIAFQIYUWlnX3hwdl9wbGFjZW1lbnRfcGVybWFuZW50X3YyLzUxNEYyRTVFNUVFNzNGQTFBMDZDNUNFMDcwMTkyMzgzX2F1ZGlvX2Rhc2hpbml0Lm1wNBUCAsgBEgAoABgAGwKIB3VzZV9vaWwBMRJwcm9ncmVzc2l2ZV9yZWNpcGUBMRUAACbssNn7j624AxUCKAJDMiwXQELqn752yLQYEmRhc2hfYmFzZWxpbmVfMV92MREAdf4HZeadAQA&_nc_gid=Hpc2oWLmTDuEYST0KvlJ8Q&edm=ANo9K5cEAAAA&_nc_zt=28&_nc_tpa=Q5bMBQGrHutIqzuHxiV6saRyHWNDZNnBYE_gfVXjp64JdT_crGFbg8VNC6XuLhc8w9XEazm2iIav_NebeQ&oh=00_AQApOjvJjNc7KP6K5WwoU1fPsddsZBx3NtV2rtJ0HZijqw&oe=6A690B19,https://scontent-sjc6-1.cdninstagram.com/v/t51.82787-15/727799239_18102598112120341_5365705677668614494_n.jpg?stp=dst-jpg_e35_tt6&_nc_cat=101&ccb=7-5&_nc_sid=18de74&efg=eyJlZmdfdGFnIjoiQ0xJUFMuYmVzdF9pbWFnZV91cmxnZW4uQzIifQ%3D%3D&_nc_ohc=V0Yu6LnofVsQ7kNvwHotGCA&_nc_oc=Adqx-IillmzPovSor4iqLcNPX_I1xElrNj1sDJbze1Kblx6sktpOuuzhT-jUN8JEPSo&_nc_zt=23&_nc_ht=scontent-sjc6-1.cdninstagram.com&edm=ANo9K5cEAAAA&_nc_gid=Hpc2oWLmTDuEYST0KvlJ8Q&_nc_tpa=Q5bMBQEtnXLJ041ez7ORKdUBZ8zbMFPnx3UDXrhZQegPAIBBx0jpyNVCc5WANyM1HUncLxPqkLzizFSLeg&oh=00_AQB4TS8tmJH1KzUHrLbJPj_Guxc_896hUgTrSv5yWNfzpQ&oe=6A6CFA3E,4,0,,,,
17871974451533995,2026-06-17T11:05:46+0000,"In Barbados, exceptional properties often create the most noise.

The challenge is not finding them.

The challenge is understanding how they fit your objectives.

Lion Castle combines a historic great house with approximately 140 acres in St Thomas, creating one of the most substantial residential estate opportunities currently available in Barbados.

For buyers considering large estates, the property is only one part of the decision.

Location.

Land scale.

Future flexibility.

Lifestyle objectives.

Long-term ownership considerations.

The most important question is rarely “Is this a good property?”

It is “Is this the right acquisition?”

That is the role of independent buyer representation.

Request your financial pack at contact@cadrean.com

#BarbadosProperty
#BarbadosRealEstate #LuxuryRealEstate #Cadrean #BuyerRepresentation",VIDEO,https://www.instagram.com/reel/DZr0cSjOT4X/,https://scontent-sjc6-1.cdninstagram.com/o1/v/t2/f2/m86/AQPyAsHjBwRSvaAgUKJ-LPcN89LRUdmyyJugHv8GSXVDW7Ge8rhbepCN1EshgyKzg2j7PtGHtMVdj-4OfUVeSQxrmoSJEo_Bo8f8o5E.mp4?_nc_cat=102&_nc_sid=5e9851&_nc_ht=scontent-sjc6-1.cdninstagram.com&_nc_ohc=cvtU9UHtFxoQ7kNvwHkVp42&efg=eyJ2ZW5jb2RlX3RhZyI6Inhwdl9wcm9ncmVzc2l2ZS5JTlNUQUdSQU0uQ0xJUFMuQzIuNzIwLmRhc2hfYmFzZWxpbmVfMV92MSIsInhwdl9hc3NldF9pZCI6OTk4MDU0ODA2MTU4MTA4LCJhc3NldF9hZ2VfZGF5cyI6MzksInZpX3VzZWNhc2VfaWQiOjEwMDk5LCJkdXJhdGlvbl9zIjoyNywidXJsZ2VuX3NvdXJjZSI6Ind3dyJ9&ccb=17-1&vs=5ed776761cbad905&_nc_vs=HBksFQIYUmlnX3hwdl9yZWVsc19wZXJtYW5lbnRfc3JfcHJvZC80NDQ5QTVBRjAzQzFBRjdFNEY0MEI3ODdBMjkwMkM5OV92aWRlb19kYXNoaW5pdC5tcDQVAALIARIAFQIYUWlnX3hwdl9wbGFjZW1lbnRfcGVybWFuZW50X3YyL0M4NEE2QjhBRkIyNTk2MjdCQzEyQTVEQURGMzM0QUI1X2F1ZGlvX2Rhc2hpbml0Lm1wNBUCAsgBEgAoABgAGwKIB3VzZV9vaWwBMRJwcm9ncmVzc2l2ZV9yZWNpcGUBMRUAACa47P_it-7FAxUCKAJDMiwXQDvEGJN0vGoYEmRhc2hfYmFzZWxpbmVfMV92MREAdf4HZeadAQA&_nc_gid=Hpc2oWLmTDuEYST0KvlJ8Q&edm=ANo9K5cEAAAA&_nc_zt=28&_nc_tpa=Q5bMBQE90j3PQQ7Hky50o7OrYJmfuBlBHDO-wNK3Ueu82K8xgeDSLpzYsHjdehA85NhRyR-kAKAJuGRirA&oh=00_AQC9B5G1Lh7P8ioHEfDHL-AtzAGnQdOmziGyaVld-7G7QQ&oe=6A690223,https://scontent-sjc6-1.cdninstagram.com/v/t51.82787-15/723172615_18102371873120341_7250466477775297290_n.jpg?stp=dst-jpg_e35_tt6&_nc_cat=100&ccb=7-5&_nc_sid=18de74&efg=eyJlZmdfdGFnIjoiQ0xJUFMuYmVzdF9pbWFnZV91cmxnZW4uQzIifQ%3D%3D&_nc_ohc=ta5VZ3yF7tsQ7kNvwEMr97q&_nc_oc=AdoZN0QckByIuMxL3enzSQV33qWS0-2bjszXZBFTsg-T_Yhjy9mBo0Xqtxh-E1-xsHU&_nc_zt=23&_nc_ht=scontent-sjc6-1.cdninstagram.com&edm=ANo9K5cEAAAA&_nc_gid=Hpc2oWLmTDuEYST0KvlJ8Q&_nc_tpa=Q5bMBQF5z1ZhyyxBLxaNxX_Nn0CZ1vbEc629yt27IAa5JRuteT13kjOdJym8eEfBgJSkCX7OYr-XH2WG-Q&oh=00_AQDVeJcOkyBFLYUNZeXRPDidTEUFwU23WpIhqqi9sHSL2g&oe=6A6CFEDA,4,1,,,,
18095150690264296,2026-06-15T12:36:24+0000,"Property platforms can help you find homes.

Research can help you compare locations.

Data can help you narrow a search.

But in Barbados, opportunities often emerge through relationships, experience and market access.

That is why I work exclusively on the buyer side.

Independent representation.
Full market coverage.
A structured acquisition process designed for overseas and private buyers.

Before you begin viewing property in Barbados, start with a clear brief.

Request your financial pack at contact@cadrean.com.

#BarbadosProperty #BarbadosRealEstate #BuyerRepresentation #Cadrean #Barbados",VIDEO,https://www.instagram.com/reel/DZm1Nk1uNzb/,https://scontent-sjc6-1.cdninstagram.com/o1/v/t2/f2/m86/AQNcSi4Szo72mLVabt6QnHMZZcHi_lHsb5XQ7C7yFJsn570hQ40SsmX6qkB2IsBLJb9z0JuEq6D7Ia05lCZg4aVslFtL9eIuxaK7EzQ.mp4?_nc_cat=107&_nc_sid=5e9851&_nc_ht=scontent-sjc6-1.cdninstagram.com&_nc_ohc=N8BCBzUWQUwQ7kNvwHxOjTE&efg=eyJ2ZW5jb2RlX3RhZyI6Inhwdl9wcm9ncmVzc2l2ZS5JTlNUQUdSQU0uQ0xJUFMuQzIuNzIwLmRhc2hfYmFzZWxpbmVfMV92MSIsInhwdl9hc3NldF9pZCI6MjkzNjY0NjI4NjY3MTUzNSwiYXNzZXRfYWdlX2RheXMiOjQxLCJ2aV91c2VjYXNlX2lkIjoxMDA5OSwiZHVyYXRpb25fcyI6MjcsInVybGdlbl9zb3VyY2UiOiJ3d3cifQ%3D%3D&ccb=17-1&vs=5f27e09a204a311e&_nc_vs=HBksFQIYUmlnX3hwdl9yZWVsc19wZXJtYW5lbnRfc3JfcHJvZC9DMTQyRDg0NTJBQTNDNjU3QjBCNkNCNjkzRkI3QUNBMl92aWRlb19kYXNoaW5pdC5tcDQVAALIARIAFQIYUWlnX3hwdl9wbGFjZW1lbnRfcGVybWFuZW50X3YyL0IxNDlBMzkyQkE5RjQ0RTZFODY0MkEyREE1MUJFOEIzX2F1ZGlvX2Rhc2hpbml0Lm1wNBUCAsgBEgAoABgAGwKIB3VzZV9vaWwBMRJwcm9ncmVzc2l2ZV9yZWNpcGUBMRUAACbe-vvrp7e3ChUCKAJDMiwXQDvEGJN0vGoYEmRhc2hfYmFzZWxpbmVfMV92MREAdf4HZeadAQA&_nc_gid=Hpc2oWLmTDuEYST0KvlJ8Q&edm=ANo9K5cEAAAA&_nc_zt=28&_nc_tpa=Q5bMBQFLa1Jr-kPId5yJbfUO6NFe1IdOReR7PV4TFlGXTW7viODY52gPAVTdVMSiXY29vJJhbAzf5G2xOw&oh=00_AQBZX8YwuB_c3Z9mpuPNoZ5IK7GeJUxY2i7WysZw1k2GDw&oe=6A690640,https://scontent-sjc6-1.cdninstagram.com/v/t51.82787-15/724466342_18102179882120341_246399550952926327_n.jpg?stp=dst-jpg_e35_tt6&_nc_cat=109&ccb=7-5&_nc_sid=18de74&efg=eyJlZmdfdGFnIjoiQ0xJUFMuYmVzdF9pbWFnZV91cmxnZW4uQzIifQ%3D%3D&_nc_ohc=8XyqAZY-P8AQ7kNvwHjGxEk&_nc_oc=AdrYeSlpL1i1MZX5dxwcWC6gtmoRGKvW-FCLh_T_V4P3iVqrN5qgX0zqrgAIVLAKDhA&_nc_zt=23&_nc_ht=scontent-sjc6-1.cdninstagram.com&edm=ANo9K5cEAAAA&_nc_gid=Hpc2oWLmTDuEYST0KvlJ8Q&_nc_tpa=Q5bMBQF0OyRNUliGGIjepYKvCHC7dBqQCiv8qBidg4wINvj4KWD6JMl3wKtitNNVtaLz9G535Q037YQUoQ&oh=00_AQBmxLf5s_ANyGJah8Xtpsh7--Sk5Exhs5NnaVmg1z7Eeg&oe=6A6CFB25,2,0,,,,
18118299262701067,2026-06-13T12:00:43+0000,"Successful buyers rarely purchase a property.

They purchase an outcome.

Space.

Time.

Privacy.

Security.

Royal Westmoreland has spent decades becoming one of Barbados’ most established residential communities.

That matters.

The strongest locations remove uncertainty long before the purchase is made.

Horizons is a reminder that the most valuable luxury isn’t always the house.

It’s how life feels once you’re there.

Request your financial pack at contact@cadrean.com

#RoyalWestmoreland #BarbadosProperty #WestCoastBarbados #LuxuryPropertyBarbados #BarbadosRealEstate",VIDEO,https://www.instagram.com/reel/DZhncSZOyuN/,https://scontent-sjc6-1.cdninstagram.com/o1/v/t2/f2/m86/AQOrPfjdnOhJGvOVq1Ko323mpg7qIgdU_Qat5okGuSuYuM3ZsRpM6v4_z0F2Ld5twXhp3pvy6X2jMGKQQBeNPfCkhkhUq7avbybdNPM.mp4?_nc_cat=104&_nc_sid=5e9851&_nc_ht=scontent-sjc6-1.cdninstagram.com&_nc_ohc=zX0DqQlilpwQ7kNvwHs7er6&efg=eyJ2ZW5jb2RlX3RhZyI6Inhwdl9wcm9ncmVzc2l2ZS5JTlNUQUdSQU0uQ0xJUFMuQzIuNzIwLmRhc2hfYmFzZWxpbmVfMV92MSIsInhwdl9hc3NldF9pZCI6MTY5OTg3NjA5NDQ5NzA4MiwiYXNzZXRfYWdlX2RheXMiOjQzLCJ2aV91c2VjYXNlX2lkIjoxMDA5OSwiZHVyYXRpb25fcyI6MjcsInVybGdlbl9zb3VyY2UiOiJ3d3cifQ%3D%3D&ccb=17-1&vs=186b417c47f63d17&_nc_vs=HBksFQIYUmlnX3hwdl9yZWVsc19wZXJtYW5lbnRfc3JfcHJvZC82NjQ3RDMwQzUzNzhDNkY2M0MyRDZCNjQ0QjE0OENCQ192aWRlb19kYXNoaW5pdC5tcDQVAALIARIAFQIYUWlnX3hwdl9wbGFjZW1lbnRfcGVybWFuZW50X3YyLzBBNDY5NTRENDMxOUJFRUVFQjFBNzdCMTQ1MEExNDgzX2F1ZGlvX2Rhc2hpbml0Lm1wNBUCAsgBEgAoABgAGwKIB3VzZV9vaWwBMRJwcm9ncmVzc2l2ZV9yZWNpcGUBMRUAACb0xLLs54GFBhUCKAJDMiwXQDtEGJN0vGoYEmRhc2hfYmFzZWxpbmVfMV92MREAdf4HZeadAQA&_nc_gid=Hpc2oWLmTDuEYST0KvlJ8Q&edm=ANo9K5cEAAAA&_nc_zt=28&_nc_tpa=Q5bMBQEusxSrqfQLC6GDaLEpcyvcVngWZGNeZaOzjv5HPBalg2azQ-TXjYW6-OgPB4XzI6_-sdofpXuDOA&oh=00_AQDc_boEqLDCOzdyl-ZW8HLn-o9s2-LRIvq2jnwdkRwMVQ&oe=6A68FFAD,https://scontent-sjc6-1.cdninstagram.com/v/t51.82787-15/723111010_18101972087120341_7652646162906884601_n.jpg?stp=dst-jpg_e35_tt6&_nc_cat=101&ccb=7-5&_nc_sid=18de74&efg=eyJlZmdfdGFnIjoiQ0xJUFMuYmVzdF9pbWFnZV91cmxnZW4uQzIifQ%3D%3D&_nc_ohc=EwtPoeIyX64Q7kNvwEVgEMt&_nc_oc=AdqspbRfEEhYtehHs11sHVRyzCn0irKMKXaMsE6_TQli6pWZg7ASnx5la14eFaiQL7k&_nc_zt=23&_nc_ht=scontent-sjc6-1.cdninstagram.com&edm=ANo9K5cEAAAA&_nc_gid=Hpc2oWLmTDuEYST0KvlJ8Q&_nc_tpa=Q5bMBQGnlKXHeNqUPHuqgZdL1PmeQ6WWuX74DJNFtAvTACQCgWfwVO8GblAoWCROQ1idDkLgA2ZcMDXFfg&oh=00_AQDz48NVDDmm5ZDPU4anTmY1xTUhfhyTXrmY7BO2S7EOHA&oe=6A6CF910,4,0,,,,
17986337150992432,2026-06-13T11:30:41+0000,"Successful buyers rarely purchase a property.

They purchase an outcome.

Space.

Time.

Privacy.

Security.

Royal Westmoreland has spent decades becoming one of Barbados’ most established residential communities.

That matters.

The strongest locations remove uncertainty long before the purchase is made.

Horizons is a reminder that the most valuable luxury isn’t always the house.

It’s how life feels once you’re there.

Request your financial pack at contact@cadrean.com

#RoyalWestmoreland #BarbadosProperty #WestCoastBarbados #LuxuryPropertyBarbados #BarbadosRealEstate",VIDEO,https://www.instagram.com/reel/DZhkIiFDG8r/,https://scontent-sjc6-1.cdninstagram.com/o1/v/t2/f2/m86/AQPOV9DxcDwn7SasfTY3kyFJ6UsS5CvqVg7Q81dbP-Spq-ioSDDr5zAqbQ-tTzNFtUkzQisyTTmAmKyqJipM9XfhNNh3otWPQgaKXmY.mp4?_nc_cat=102&_nc_sid=5e9851&_nc_ht=scontent-sjc6-1.cdninstagram.com&_nc_ohc=lxwEDAKs0aQQ7kNvwHDLwDy&efg=eyJ2ZW5jb2RlX3RhZyI6Inhwdl9wcm9ncmVzc2l2ZS5JTlNUQUdSQU0uQ0xJUFMuQzIuNzIwLmRhc2hfYmFzZWxpbmVfMV92MSIsInhwdl9hc3NldF9pZCI6MTgxMDE5Njk5OTYxMjAzNDEsImFzc2V0X2FnZV9kYXlzIjo0MywidmlfdXNlY2FzZV9pZCI6MTAwOTksImR1cmF0aW9uX3MiOjI3LCJ1cmxnZW5fc291cmNlIjoid3d3In0%3D&ccb=17-1&vs=7f2e467226a6a50e&_nc_vs=HBksFQIYUmlnX3hwdl9yZWVsc19wZXJtYW5lbnRfc3JfcHJvZC82RTRDMkI2MkNEMUMwOEFCQjBEQzgzMERDRUFEMDA5OV92aWRlb19kYXNoaW5pdC5tcDQVAALIARIAFQIYUWlnX3hwdl9wbGFjZW1lbnRfcGVybWFuZW50X3YyLzZGNDhBNERFNEU3M0Q4QzkzQzhENEQxRkRBREU3M0JGX2F1ZGlvX2Rhc2hpbml0Lm1wNBUCAsgBEgAoABgAGwKIB3VzZV9vaWwBMRJwcm9ncmVzc2l2ZV9yZWNpcGUBMRUAACaqhNS1qumnQBUCKAJDMiwXQDtEGJN0vGoYEmRhc2hfYmFzZWxpbmVfMV92MREAdf4HZeadAQA&_nc_gid=Hpc2oWLmTDuEYST0KvlJ8Q&edm=ANo9K5cEAAAA&_nc_zt=28&_nc_tpa=Q5bMBQFaDyXmE4QgLdadkzQAMF1PoJy0Amu7QT8iTgv5ndanI3ZBtnYscsyHd5A6NE6X_Z3_yjUoyCVVYA&oh=00_AQCEqJo7VZqNYFFNrW687mK9gVokYjQg2nndgGQCCgzgNg&oe=6A6915B3,https://scontent-sjc6-1.cdninstagram.com/v/t51.71878-15/724207465_2234215317415780_678887024426443745_n.jpg?stp=dst-jpg_e35_tt6&_nc_cat=111&ccb=7-5&_nc_sid=18de74&efg=eyJlZmdfdGFnIjoiQ0xJUFMuYmVzdF9pbWFnZV91cmxnZW4uQzIifQ%3D%3D&_nc_ohc=mj73yathIkAQ7kNvwHSXJ3W&_nc_oc=AdqPadIByC3WLetXuxA2inQ6j60ika0LFi0L5YWrlBc5-fpatXCPGlBv9QjEYCORo_0&_nc_zt=23&_nc_ht=scontent-sjc6-1.cdninstagram.com&edm=ANo9K5cEAAAA&_nc_gid=Hpc2oWLmTDuEYST0KvlJ8Q&_nc_tpa=Q5bMBQEVLzYFCYCjPSRWEsi89MtVQRbNyn55ZtuODe9AD7jW_Mj45dcVIuemUnyQelzg-nOCCzFE2NP6Vg&oh=00_AQCV-RoA0DwQmGRKBWBCu6rAqiRNYsZ3h8Dn4H54EmjM7w&oe=6A6CF070,3,0,,,,
18592297279019686,2026-06-11T17:21:37+0000,"Some Barbados buyers want a home.

Others want an experience.

The distinction matters.

Around the world, branded residences continue attracting buyers who value convenience, service, consistency and simplicity alongside ownership.

For many overseas buyers considering Barbados, the decision is not simply about square footage, architecture or views.

It is about how ownership fits into their life.

Pendry Residences Barbados introduces a different ownership model to the West Coast of Barbados—one where service, hospitality and residential ownership are designed to work together.

The question is rarely property versus property.

It is often lifestyle versus lifestyle. 

Request your financial pack at contact@cadrean.com 

#BarbadosRealEstate #PendryResidences #WestCoastBarbados #LuxuryPropertyBarbados #BuyingPropertyInBarbados",VIDEO,https://www.instagram.com/reel/DZdCmN7ps7Y/,https://scontent-sjc3-1.cdninstagram.com/o1/v/t2/f2/m86/AQM-en_Gls0YBSb_tbpmIb9wNDFP9xWNids1oGaZDMwOR4tBLod7feuOzySY97IV2Z55oEy3aBul8qPQO279vaUzwEGcrWt_aNR_YnE.mp4?_nc_cat=103&_nc_sid=5e9851&_nc_ht=scontent-sjc3-1.cdninstagram.com&_nc_ohc=A1NDEcFA538Q7kNvwEIC-S_&efg=eyJ2ZW5jb2RlX3RhZyI6Inhwdl9wcm9ncmVzc2l2ZS5JTlNUQUdSQU0uQ0xJUFMuQzIuNzIwLmRhc2hfYmFzZWxpbmVfMV92MSIsInhwdl9hc3NldF9pZCI6MTQzNTE5Mzc1ODY0Njc1NiwiYXNzZXRfYWdlX2RheXMiOjQ1LCJ2aV91c2VjYXNlX2lkIjoxMDA5OSwiZHVyYXRpb25fcyI6MjcsInVybGdlbl9zb3VyY2UiOiJ3d3cifQ%3D%3D&ccb=17-1&vs=b57c7e9733193037&_nc_vs=HBksFQIYUmlnX3hwdl9yZWVsc19wZXJtYW5lbnRfc3JfcHJvZC9BRjQ4NThBQkMyOTcyQzZDMzQ4RTcyOTIzNkNBQzk4Ml92aWRlb19kYXNoaW5pdC5tcDQVAALIARIAFQIYUWlnX3hwdl9wbGFjZW1lbnRfcGVybWFuZW50X3YyLzI4NDU2MjhEMTcxNEY3QzIwNjI0MzhCNjdCMDRDNzg2X2F1ZGlvX2Rhc2hpbml0Lm1wNBUCAsgBEgAoABgAGwKIB3VzZV9vaWwBMRJwcm9ncmVzc2l2ZV9yZWNpcGUBMRUAACbIh9jiotOMBRUCKAJDMiwXQDtu2RaHKwIYEmRhc2hfYmFzZWxpbmVfMV92MREAdf4HZeadAQA&_nc_gid=Hpc2oWLmTDuEYST0KvlJ8Q&edm=ANo9K5cEAAAA&_nc_zt=28&_nc_tpa=Q5bMBQFs4sO5_id-WhA_ez09GfEuwBnrDr-bVeJasdkVAjNOKPn0Rtk7cMVp0HU_3L2_-LXcDdshHZ_XGg&oh=00_AQCwfgyh2Zc8KZOa6oLaBgyNn8wjw-lik5PHY9qaMkZ3eg&oe=6A68F9AC,https://scontent-sjc6-1.cdninstagram.com/v/t51.82787-15/723238501_18101793818120341_5256674738753575253_n.jpg?stp=dst-jpg_e35_tt6&_nc_cat=109&ccb=7-5&_nc_sid=18de74&efg=eyJlZmdfdGFnIjoiQ0xJUFMuYmVzdF9pbWFnZV91cmxnZW4uQzIifQ%3D%3D&_nc_ohc=ans2QwYDUK4Q7kNvwGqIQby&_nc_oc=Adp0KeTwxUM4CTvN633D5O0EC8QtI3aqlPWwCpANpR0-75gW_vNCFvri2akD15uuIdU&_nc_zt=23&_nc_ht=scontent-sjc6-1.cdninstagram.com&edm=ANo9K5cEAAAA&_nc_gid=Hpc2oWLmTDuEYST0KvlJ8Q&_nc_tpa=Q5bMBQF8N8oh5IZTOfHvZhY2PQDqh0B1zu2UEGMUsxrOIO8alYYbcnaSNiXXHndDnu8I4utWC7o_694oVQ&oh=00_AQCBAI7Wd-bsL7bwVfhJbOiNQjyIgSRqMQI0BP40L6qt7Q&oe=6A6CF55A,4,0,,,,
18101295730868994,2026-06-11T17:10:34+0000,"Some Barbados buyers want a home.

Others want an experience.

The distinction matters.

Around the world, branded residences continue to attract buyers who value convenience, service, consistency and simplicity alongside ownership.

For many overseas buyers considering Barbados, the decision is not simply about square footage, architecture or views.

It is about how ownership fits into their life.

Pendry Residences Barbados introduces a different ownership model to the West Coast of Barbados—one where service, hospitality and residential ownership are designed to work together.

The question is rarely property versus property.

It is often lifestyle versus lifestyle. 

Request your financial pack at contact@cadrean.com 

#BarbadosRealEstate #PendryResidences #WestCoastBarbados #LuxuryPropertyBarbados #BuyingPropertyInBarbados",VIDEO,https://www.instagram.com/reel/DZdBcWbAitr/,https://scontent-sjc3-1.cdninstagram.com/o1/v/t2/f2/m86/AQOgpqTpbqoDUeoaahmTf-k0daQjh6l_yW4g8ajF-1hwyNPl1Q5r9ZMCfN9NEFlKsxwpCpfkIdPqyBF4CKJgX8urHRThb1pM4EJrBcs.mp4?_nc_cat=110&_nc_sid=5e9851&_nc_ht=scontent-sjc3-1.cdninstagram.com&_nc_ohc=aFmiq7wrGlYQ7kNvwGaJxG4&efg=eyJ2ZW5jb2RlX3RhZyI6Inhwdl9wcm9ncmVzc2l2ZS5JTlNUQUdSQU0uQ0xJUFMuQzIuNzIwLmRhc2hfYmFzZWxpbmVfMV92MSIsInhwdl9hc3NldF9pZCI6MTgxMDE3ODc1NjkxMjAzNDEsImFzc2V0X2FnZV9kYXlzIjo0NSwidmlfdXNlY2FzZV9pZCI6MTAwOTksImR1cmF0aW9uX3MiOjI3LCJ1cmxnZW5fc291cmNlIjoid3d3In0%3D&ccb=17-1&vs=f756351c1a0a4d73&_nc_vs=HBksFQIYUmlnX3hwdl9yZWVsc19wZXJtYW5lbnRfc3JfcHJvZC9DNDRGRTczRUFGMTc5NjM3NDdDMjVDNEY4MDU1ODFBMF92aWRlb19kYXNoaW5pdC5tcDQVAALIARIAFQIYUWlnX3hwdl9wbGFjZW1lbnRfcGVybWFuZW50X3YyLzMyNDQ4OENFRUY4RTU0OEU1QUYzRDIzMjFFREJCQTg3X2F1ZGlvX2Rhc2hpbml0Lm1wNBUCAsgBEgAoABgAGwKIB3VzZV9vaWwBMRJwcm9ncmVzc2l2ZV9yZWNpcGUBMRUAACaqkdud296nQBUCKAJDMiwXQDtu2RaHKwIYEmRhc2hfYmFzZWxpbmVfMV92MREAdf4HZeadAQA&_nc_gid=Hpc2oWLmTDuEYST0KvlJ8Q&edm=ANo9K5cEAAAA&_nc_zt=28&_nc_tpa=Q5bMBQGfgDeYSHqFc97x_LesEGcVB-3dvhWTZwqP6I8oJQWsEB9qVDi0ReoheDNF1ygRU4ldYiMYd8fnvA&oh=00_AQDlMpR0LarUqyN60JNnNCpj8DPgHlEMEgTRcS13DysqFQ&oe=6A68F807,https://scontent-sjc6-1.cdninstagram.com/v/t51.71878-15/722974248_4431498557133654_5073137803640288646_n.jpg?stp=dst-jpg_e35_tt6&_nc_cat=108&ccb=7-5&_nc_sid=18de74&efg=eyJlZmdfdGFnIjoiQ0xJUFMuYmVzdF9pbWFnZV91cmxnZW4uQzIifQ%3D%3D&_nc_ohc=_Hyviba5aqcQ7kNvwFRb_j5&_nc_oc=AdqF5_4eXeT_E3NPK5cJIKUFzKUd9ow6QUImK7t0NKILs7z-QUJ8gytIJf65YmLNGPU&_nc_zt=23&_nc_ht=scontent-sjc6-1.cdninstagram.com&edm=ANo9K5cEAAAA&_nc_gid=Hpc2oWLmTDuEYST0KvlJ8Q&_nc_tpa=Q5bMBQGIb3l-MYtnWpuly5IaDiCZ3aGVDHhLXlPNT_l_kCQE_mrpArvrDoUVsgLUEz5qhm6gx9-sRX2Diw&oh=00_AQCrWR4T6MnTazvOtvORoA1sAXcInnqZcqdK56wkiO3Jkw&oe=6A6CF4D5,4,0,,,,
18151816201494064,2026-06-11T17:02:39+0000,"Some Barbados buyers want a home.

Others want an experience.

The distinction matters.

Around the world, branded residences continue to attract buyers who value convenience, service, consistency and simplicity alongside ownership.

For many overseas buyers considering Barbados, the decision is not simply about square footage, architecture or views.

It is about how ownership fits into their life.

Pendry Residences Barbados introduces a different ownership model to the West Coast of Barbados—one where service, hospitality and residential ownership are designed to work together.

The question is rarely property versus property.

It is often lifestyle versus lifestyle. 

Request your financial pack at contact@cadrean.com 

#BarbadosRealEstate #PendryResidences #WestCoastBarbados #LuxuryPropertyBarbados #BuyingPropertyInBarbados",VIDEO,https://www.instagram.com/reel/DZdAiDkDgis/,https://scontent-sjc6-1.cdninstagram.com/o1/v/t2/f2/m86/AQOfhTMyIY4VQY_h7e58MZMQ7Ya0_vVi7yfnoXseIw7CgqmoAl3TU8XA9iR4miqltMYLVxtuQ6girKVPcj4Es1RjGmqNwnYu5Dw32cs.mp4?_nc_cat=107&_nc_sid=5e9851&_nc_ht=scontent-sjc6-1.cdninstagram.com&_nc_ohc=jnkLpmMfYE4Q7kNvwHbGoPA&efg=eyJ2ZW5jb2RlX3RhZyI6Inhwdl9wcm9ncmVzc2l2ZS5JTlNUQUdSQU0uQ0xJUFMuQzIuNzIwLmRhc2hfYmFzZWxpbmVfMV92MSIsInhwdl9hc3NldF9pZCI6MTgxMDE3ODYzMTUxMjAzNDEsImFzc2V0X2FnZV9kYXlzIjo0NSwidmlfdXNlY2FzZV9pZCI6MTAwOTksImR1cmF0aW9uX3MiOjI3LCJ1cmxnZW5fc291cmNlIjoid3d3In0%3D&ccb=17-1&vs=6f8a3c22483f2c8e&_nc_vs=HBksFQIYUmlnX3hwdl9yZWVsc19wZXJtYW5lbnRfc3JfcHJvZC83NDRBNTM1MjAwMDM4RjI1MDI3MTdCRTEzNzEyMzJCMl92aWRlb19kYXNoaW5pdC5tcDQVAALIARIAFQIYUWlnX3hwdl9wbGFjZW1lbnRfcGVybWFuZW50X3YyLzhENDlDQURDMzUwMjI1QUQ0N0UyOUQ4NUEwRTAwMkJFX2F1ZGlvX2Rhc2hpbml0Lm1wNBUCAsgBEgAoABgAGwKIB3VzZV9vaWwBMRJwcm9ncmVzc2l2ZV9yZWNpcGUBMRUAACaq--bx0d6nQBUCKAJDMiwXQDtu2RaHKwIYEmRhc2hfYmFzZWxpbmVfMV92MREAdf4HZeadAQA&_nc_gid=Hpc2oWLmTDuEYST0KvlJ8Q&edm=ANo9K5cEAAAA&_nc_zt=28&_nc_tpa=Q5bMBQHNOGYttuIj9O0v3HrgaVVEufZULwQHSpekhMZIb9xtTAGfS_TsfCpVL3GQ2FQsq4g20VwrI7fEcQ&oh=00_AQBeFg1OhiNvQ9zS-Fi25-vOQj3i6qI1aAaJO6QhWjtuMQ&oe=6A690170,https://scontent-sjc3-1.cdninstagram.com/v/t51.71878-15/721779228_1700652077798093_1672959339536095469_n.jpg?stp=dst-jpg_e35_tt6&_nc_cat=103&ccb=7-5&_nc_sid=18de74&efg=eyJlZmdfdGFnIjoiQ0xJUFMuYmVzdF9pbWFnZV91cmxnZW4uQzIifQ%3D%3D&_nc_ohc=fMANozKN1OIQ7kNvwERaRB5&_nc_oc=AdrCTiz1ptW_u4wgTaxfyPtaO04D0e5sPLoUA5-JhDJM5pSp8e6DajoBwRihjJSKeLs&_nc_zt=23&_nc_ht=scontent-sjc3-1.cdninstagram.com&edm=ANo9K5cEAAAA&_nc_gid=Hpc2oWLmTDuEYST0KvlJ8Q&_nc_tpa=Q5bMBQG3CvIT1je_qJWBm1a2cskUEWgTePg43d5PGs_B73HAgx_BVCvA3SRKkKFklyOEVpe-yyX0QH_B9A&oh=00_AQDsgY-Uro3oDTqTk1SJAE0HiqNO0zDUV25wDMNRYoRAIA&oe=6A6CEBA0,2,0,,,,
18033975452812947,2026-06-09T12:30:52+0000,"Barbados rewards prepared buyers.

The challenge is not finding property.The challenge is recognising the right opportunity when it appears.

Many overseas buyers begin by searching websites, comparing developments, monitoring prices and following the market from abroad.
Over time, the objective becomes clearer.

Location matters.
Lifestyle matters.
Rental potential matters.
Future plans matter.

The strongest acquisitions rarely happen because someone moved fastest. They happen because the buyer understood exactly what they were trying to achieve before the opportunity appeared.

That is where representation creates the ultimate value.

For overseas buyers, family offices and wealth managers acquiring property in Barbados, preparation often becomes the advantage.

Cadrean.Com

#BarbadosProperty #BarbadosRealEstate #BuyingPropertyInBarbados #BarbadosPropertyMarket #BarbadosBuyerAdvisor",CAROUSEL_ALBUM,https://www.instagram.com/p/DZXX4wWEfGK/,https://scontent-sjc6-1.cdninstagram.com/v/t51.82787-15/721169614_18101556968120341_4418487406941611513_n.jpg?stp=dst-jpg_e35_tt6&_nc_cat=109&ccb=7-5&_nc_sid=18de74&efg=eyJlZmdfdGFnIjoiQ0FST1VTRUxfSVRFTS5iZXN0X2ltYWdlX3VybGdlbi5DMiJ9&_nc_ohc=T0BgExbQwDQQ7kNvwHNOAOu&_nc_oc=AdpjLFOr3ssbVhrVa9lWa9lrrKpRjK0OfIBv2meTvuV3nEL4G-btz7axXJfun9IWRmQ&_nc_zt=23&_nc_ht=scontent-sjc6-1.cdninstagram.com&edm=ANo9K5cEAAAA&_nc_gid=Hpc2oWLmTDuEYST0KvlJ8Q&_nc_tpa=Q5bMBQH11IVU0jnYqlP-omLcSxueJCzh9H16jkp0zTnAeSFCyWfnqVDoFxjcon0xXjUfzOfHNWIicRsMFA&oh=00_AQB-Vf08gSFhIgdhcR0zcgtlfF7CezCHWuP6jH8-yzOzxA&oe=6A6D0C65,,2,0,,,,
18091854068612685,2026-06-08T11:30:16+0000,"For years, buyer representation has been well understood in some markets and largely absent in others.

Cadrean provides independent buyer-side representation for residential property acquisitions in Barbados.

We do not list property.

We do not represent sellers.

Our role is to protect the purchaser’s interests throughout the acquisition process.

Our services include:

• Buyer Representation
• Real Estate Consulting
• Property Acquisition Management
• Due Diligence
• Investment Advisory
• Relocation Strategy

Whether you are exploring a future purchase, advising a client, or actively deploying capital into the Barbados residential market, the right structure often matters long before a property is selected.

Request a copy of the Cadrean Services Brochure: 

contact@cadrean.com

#Cadrean #BarbadosProperty #BuyerRepresentation #BarbadosRealEstate #PropertyAcquisition #InvestmentProperty #LuxuryProperty #FamilyOffice #WealthManagement #Barbados",IMAGE,https://www.instagram.com/p/DZUsI66jcvv/,https://scontent-sjc6-1.cdninstagram.com/v/t51.82787-15/719189786_18101448833120341_7325483295140622652_n.jpg?stp=dst-jpg_e35_tt6&_nc_cat=111&ccb=7-5&_nc_sid=18de74&efg=eyJlZmdfdGFnIjoiRkVFRC5iZXN0X2ltYWdlX3VybGdlbi5DMiJ9&_nc_ohc=ZymIt1hbv4cQ7kNvwFfvKuk&_nc_oc=AdqhqE8fqJIB6srD9Ed0rrJMvQyvcGgksbFTv-x0HFYTkP1lPhkGKxANDOOUwco7VHg&_nc_zt=23&_nc_ht=scontent-sjc6-1.cdninstagram.com&edm=ANo9K5cEAAAA&_nc_gid=Hpc2oWLmTDuEYST0KvlJ8Q&_nc_tpa=Q5bMBQEXzpkvFN08sWzzn7kPDx8E3FyaG4fOaJIYJfviGe019YtKBZJrIBhOq_VOBM2XGwab8drl_viibQ&oh=00_AQC6PRJJsXYKFCRrnLrAUioC34ZnO84CHh3ovanB_tQ3UA&oe=6A6CDF73,,3,0,,,,
18106735492777466,2026-06-06T12:35:13+0000,"One of the biggest misconceptions about buying property in Barbados is that the process is about finding a property.
Often, it isn’t. It's about gaining clarity.

Over the last year, we have explored specific developments, many units within, and different ways of living in Barbados with my clients.

The original changed.
The shortlist changed.
The priorities changed.
That is completely normal.
This week, they agreed their purchase.
Not because they saw the most properties.
Not because they acted the fastest.
Because the right opportunity eventually became clear.

For overseas buyers buying property in Barbados, we help navigate the market so that decisions can be made with confidence and clarity.

Sometimes that takes weeks.
Sometimes it takes longer.
The objective is not speed.
The objective is finding the right fit.

Begin your journey.

mike.ashton@residencebarbados.com

#BarbadosRealEstate #BuyingPropertyInBarbados #BarbadosBuyerAdvisor #WestCoastBarbados #BarbadosProperty",IMAGE,https://www.instagram.com/p/DZPqAA8lGgP/,https://scontent-sjc6-1.cdninstagram.com/v/t51.82787-15/718867967_18101225276120341_5439808905899427904_n.jpg?stp=dst-jpg_e35_tt6&_nc_cat=107&ccb=7-5&_nc_sid=18de74&efg=eyJlZmdfdGFnIjoiRkVFRC5iZXN0X2ltYWdlX3VybGdlbi5DMiJ9&_nc_ohc=Ptn6_G9x3ZoQ7kNvwFxG5mR&_nc_oc=Adp_CZcyZI5QlQNZbmzy69eq6fng8cf4GUDqPXTagYPhzaX2AripRa80NuEnd9ZPm0E&_nc_zt=23&_nc_ht=scontent-sjc6-1.cdninstagram.com&edm=ANo9K5cEAAAA&_nc_gid=Hpc2oWLmTDuEYST0KvlJ8Q&_nc_tpa=Q5bMBQHm6FVvGab60KlqdD8abxEnysHzc3wmnugffKa464BiEL-Y2OY_NAyHu2egFnt04R01u6Ip3XDbTA&oh=00_AQCs7Q7iTGQqTtQ42lybyQHGJ-2mpsMwP5QpxIoUdh103g&oe=6A6CDF8F,,3,0,,,,
18092235224349857,2026-06-05T11:00:37+0000,"Beachfront ownership in Barbados is becoming increasingly difficult to find, particularly at the pre-construction stage.

Luna Mare is a new collection of just 20 private residences on Barbados’ Platinum Coast, offering direct beach access, contemporary design, and a carefully planned ownership structure through completion.

For overseas buyers, buying property in Barbados often starts with location. Beachfront opportunities of this scale and positioning are becoming increasingly rare, which is why new developments continue attracting attention long before completion.

With 2, 3 and 4-bedroom residences, structured payments throughout construction, and completion expected in Q2 2028, Luna Mare offers buyers the opportunity to secure a future Barbados address while maintaining flexibility during the build process.

We help overseas buyers evaluate new developments across Barbados so that opportunities can be compared, curated, and aligned with their long-term goals.

Request financial pack:
Contact@Cadrean.com

#BarbadosRealEstate #BuyingPropertyInBarbados #StLucyBarbados #PlatinumCoastBarbados #BeachfrontBarbados",VIDEO,https://www.instagram.com/reel/DZM6VUGDIzv/,https://scontent-sjc6-1.cdninstagram.com/o1/v/t2/f2/m86/AQOYECyd8eOq7mIz1x-4dqpmtbSeeNLiBoaqiEEZKTku-n859NjTeocyWKY6atwIyKdu2ErpBoCMhqoiWJ2sF8LAFu4Nat07H1D4dKE.mp4?_nc_cat=107&_nc_sid=5e9851&_nc_ht=scontent-sjc6-1.cdninstagram.com&_nc_ohc=m2JYRUjlyk4Q7kNvwFHIY0m&efg=eyJ2ZW5jb2RlX3RhZyI6Inhwdl9wcm9ncmVzc2l2ZS5JTlNUQUdSQU0uQ0xJUFMuQzIuNzIwLmRhc2hfYmFzZWxpbmVfMV92MSIsInhwdl9hc3NldF9pZCI6MTgxMDExMTk3NzUxMjAzNDEsImFzc2V0X2FnZV9kYXlzIjo1MSwidmlfdXNlY2FzZV9pZCI6MTIzNzQsImR1cmF0aW9uX3MiOjI3LCJ1cmxnZW5fc291cmNlIjoid3d3In0%3D&ccb=17-1&vs=ab29c420443bb1a3&_nc_vs=HBksFQIYUmlnX3hwdl9yZWVsc19wZXJtYW5lbnRfc3JfcHJvZC85OTQ2M0M0NEU2QUY0RTNEQkYwOEJFNkEzMTc1RDc4Q192aWRlb19kYXNoaW5pdC5tcDQVAALIARIAFQIYUWlnX3hwdl9wbGFjZW1lbnRfcGVybWFuZW50X3YyLzVCNEZDM0QwNjdBMDc3MTUyMUE4NUY2NTk4MEJBNTlEX2F1ZGlvX2Rhc2hpbml0Lm1wNBUCAsgBEgAoABgAGwKIB3VzZV9vaWwBMRJwcm9ncmVzc2l2ZV9yZWNpcGUBMRUAACaq79zj67enQBUCKAJDMiwXQDtEGJN0vGoYEmRhc2hfYmFzZWxpbmVfMV92MREAdf4HZazBAQA&_nc_gid=Hpc2oWLmTDuEYST0KvlJ8Q&edm=ANo9K5cEAAAA&_nc_zt=28&_nc_tpa=Q5bMBQFkkkU_Vgc0HjwxXvtW4FZERAkHH8rGG7GzsWLHmQH4NxrDwRjcgsaInP3qJtXNkcOkfItpJ6AdHQ&oh=00_AQCnkIFiadbI_3kMHnjLv_1a-y659_-4AIhdUZPfGZiscQ&oe=6A68FE60,https://scontent-sjc3-1.cdninstagram.com/v/t51.82787-15/718906913_18101125391120341_4064440058552905538_n.jpg?stp=dst-jpg_e35_tt6&_nc_cat=106&ccb=7-5&_nc_sid=18de74&efg=eyJlZmdfdGFnIjoiQ0xJUFMuYmVzdF9pbWFnZV91cmxnZW4uQzIifQ%3D%3D&_nc_ohc=01s6Z0_ZefsQ7kNvwGH3xVe&_nc_oc=Ado62WbdWfYZxafLlwVkNywFEsqfld4tEdSrf-GzNT8FsPp3blk-chKNCREm1XH6Ugs&_nc_zt=23&_nc_ht=scontent-sjc3-1.cdninstagram.com&edm=ANo9K5cEAAAA&_nc_gid=Hpc2oWLmTDuEYST0KvlJ8Q&_nc_tpa=Q5bMBQHjzL6p7Jc4t13i1gTc419QnVBQ1qK-R30eZYLQo7j72LJ3q7uGKPSmWq4ZazKChj-CTMMxErWSDg&oh=00_AQAevk26jy4UmPSptf-M0QvrRNA59spSYXx2BaVjtcvM8w&oe=6A6CE160,1,0,,,,
18105207712982123,2026-06-03T11:00:47+0000,"Porters Palms is entering its final stages of development on Barbados’ West Coast.

Located moments from Alleynes Bay, this private residential community combines modern design, walkable beach access and a highly sought-after West Coast address.

As construction progresses toward expected completion in 2026, buyers now have the advantage of seeing the development become reality while a limited number of opportunities remain available.

Key considerations:

* West Coast Barbados location
* Walking distance to Alleynes Bay
* Newly built residences
* Private community setting
* Completion expected in 2026
* Limited remaining inventory
* From US$850,000

For buyers seeking a Barbados home, holiday residence or lock-and-leave lifestyle investment, Porters Palms remains one of the most compelling opportunities currently nearing completion on the island.

For current availability. 

Contact@cadrean.com

#PortersPalms #BarbadosRealEstate #BarbadosProperty #WestCoastBarbados
#LuxuryPropertyBarbados",VIDEO,https://www.instagram.com/reel/DZHwwuxlOyV/,https://scontent-sjc6-1.cdninstagram.com/o1/v/t2/f2/m86/AQP6toYkp2hpLCMTI-Nk0OvQG8pUp8GVG-KPCBATBcquc5hJuFeUQbU0qttjmjRA45S94MR_0ZM9X4i4xWaM3urB_uCiBb6sNxKfyaw.mp4?_nc_cat=108&_nc_sid=5e9851&_nc_ht=scontent-sjc6-1.cdninstagram.com&_nc_ohc=hT_uLOMnTG0Q7kNvwGCjpLW&efg=eyJ2ZW5jb2RlX3RhZyI6Inhwdl9wcm9ncmVzc2l2ZS5JTlNUQUdSQU0uQ0xJUFMuQzIuNzIwLmRhc2hfYmFzZWxpbmVfMV92MSIsInhwdl9hc3NldF9pZCI6MTgxMDA5MDI3MTAxMjAzNDEsImFzc2V0X2FnZV9kYXlzIjo1MywidmlfdXNlY2FzZV9pZCI6MTAwOTksImR1cmF0aW9uX3MiOjI3LCJ1cmxnZW5fc291cmNlIjoid3d3In0%3D&ccb=17-1&vs=3053cebd66b5e043&_nc_vs=HBksFQIYUmlnX3hwdl9yZWVsc19wZXJtYW5lbnRfc3JfcHJvZC84RTQ5MkM4NUM4RDg4OEQ4OTIwNEM2OUI0NTYyMzE5Ml92aWRlb19kYXNoaW5pdC5tcDQVAALIARIAFQIYUWlnX3hwdl9wbGFjZW1lbnRfcGVybWFuZW50X3YyLzgwNEIyODlBQTBBNDU5RkQxNDRCNERFNzBBM0VBRDlBX2F1ZGlvX2Rhc2hpbml0Lm1wNBUCAsgBEgAoABgAGwKIB3VzZV9vaWwBMRJwcm9ncmVzc2l2ZV9yZWNpcGUBMRUAACaqvrTCmqunQBUCKAJDMiwXQDtVP3ztkWgYEmRhc2hfYmFzZWxpbmVfMV92MREAdf4HZeadAQA&_nc_gid=Hpc2oWLmTDuEYST0KvlJ8Q&edm=ANo9K5cEAAAA&_nc_zt=28&_nc_tpa=Q5bMBQEzpfFnvjwa-KtTQH0bP96G_4yrvlN-gCVCpwJKXoSYLvF25Nnli4aCetazthQNhmABFMyjmVVn6g&oh=00_AQBqZzGd81wA8PARIwYOsP5d2P_KrafCqZyE1tIsrp-PNA&oe=6A691DA9,https://scontent-sjc6-1.cdninstagram.com/v/t51.82787-15/718276566_18101125829120341_6940696250707780012_n.jpg?stp=dst-jpg_e35_tt6&_nc_cat=102&ccb=7-5&_nc_sid=18de74&efg=eyJlZmdfdGFnIjoiQ0xJUFMuYmVzdF9pbWFnZV91cmxnZW4uQzIifQ%3D%3D&_nc_ohc=hj9NwFThhj4Q7kNvwGfShpi&_nc_oc=Adq_3WUD1Ms3y_51fglK1h8HWaZMETDtTVKZldvLBNjcx3Pd2U4gL3ctioT-m_pcQLA&_nc_zt=23&_nc_ht=scontent-sjc6-1.cdninstagram.com&edm=ANo9K5cEAAAA&_nc_gid=Hpc2oWLmTDuEYST0KvlJ8Q&_nc_tpa=Q5bMBQEUemTM76Z-sHIFJMc7rjbU5M6IheILbK-gN8PuAqjzuHnxXV1phYeLE1d8M3owPijemVt0cq3NpA&oh=00_AQAjPMsTuRe-LkypUtHAyfM-_qTdUEGsP85gjqrF9kXQHg&oe=6A6D0CC1,3,0,,,,
18084474884128941,2026-06-02T11:31:39+0000,"Remote curation has changed how many buyers purchase property in Barbados.

Before arriving on island, we often help buyers refine their brief, explore opportunities, conduct remote viewings, and build a shortlist that reflects their goals.

The result is simple.
Less time viewing properties that don't fit.
More time focused on the opportunities that do.

Recently, a buyer arrived in Barbados with six carefully selected viewings after weeks of remote curation. During the process, their brief evolved. What started as a search for a beachfront home became a focus on resort-style apartment living.

That is often how successful property searches work.

The objective is not to see everything.
The objective is to identify what fits.

For overseas buyers considering buying property in Barbados, remote curation can create clarity long before arrival.

We help buyers access opportunities across the market, coordinate viewings, and build a shortlist designed around their brief.

Contact@cadrean.com

#BarbadosRealEstate #BuyingPropertyInBarbados #BarbadosProperty #LuxuryPropertyBarbados #BarbadosBuyerAdvisor",IMAGE,https://www.instagram.com/p/DZFPiCokUZN/,https://scontent-sjc6-1.cdninstagram.com/v/t51.82787-15/713903435_18100808375120341_4633737935028889034_n.jpg?stp=dst-jpg_e35_tt6&_nc_cat=102&ccb=7-5&_nc_sid=18de74&efg=eyJlZmdfdGFnIjoiRkVFRC5iZXN0X2ltYWdlX3VybGdlbi5DMiJ9&_nc_ohc=eTcD1Ar7MfMQ7kNvwGrfpub&_nc_oc=Adr5JW1qdoKmBaNyoqPNKNAAQiGo4RCtroidVlfuRK7RGbJrNP484abQutReKYeZWKA&_nc_zt=23&_nc_ht=scontent-sjc6-1.cdninstagram.com&edm=ANo9K5cEAAAA&_nc_gid=Hpc2oWLmTDuEYST0KvlJ8Q&_nc_tpa=Q5bMBQE0hbflfStwj_F_KOKOCIHC0swHcl6grN3pcywt1fQBv8FKDGHUBMrMymeITYu16MbUBIIiD46ukQ&oh=00_AQDFp_B3PfenpywzmJDYjK7bOZzc63ISOD6TFV_f4gTp3g&oe=6A6D14AA,,3,0,,,,
18016787636849856,2026-05-30T19:37:57+0000,"Rare opportunities are often discovered before they are complete.

Vistara is a new collection of just 18 villas in Calijanda, Barbados, designed for buyers seeking a modern West Coast lifestyle with the benefits of stages payments, and pre-construction pricing. 

For many overseas buyers, buying property in Barbados is not simply about choosing a home. It is about timing, optionality, and securing the right opportunity before the market fully recognises it.

With staged payments throughout construction, capital does not need to move all at once. This is one reason new developments continue attracting attention from buyers looking for value alongside lifestyle.

We spend a great deal of time helping buyers compare established communities with emerging opportunities so that decisions are based on long-term fit rather than short-term excitement.

Vistara is one of several developments helping shape the next chapter of Barbados’ West Coast.

For the complete financials, availability, floor plans, and a private discussions:

contact@cadrean.com

#BarbadosRealEstate #BuyingPropertyInBarbados
#WestCoastBarbados #WestmorelandBarbados
#BarbadosLuxuryProperty",VIDEO,https://www.instagram.com/reel/DY-YmlLpoU8/,https://scontent-sjc6-1.cdninstagram.com/o1/v/t2/f2/m86/AQPIwUtBqwt3rWgKQmmy6dFO2hqo7CRCeH_SGbEerOU-xwJ7vdz4W1p3Y1Xr3lcjtveG4FJlbysz0J_GaclDZ8XLdIpsCNFdoVVIt-U.mp4?_nc_cat=108&_nc_sid=5e9851&_nc_ht=scontent-sjc6-1.cdninstagram.com&_nc_ohc=2fN-ZYjAF3MQ7kNvwGdHXTZ&efg=eyJ2ZW5jb2RlX3RhZyI6Inhwdl9wcm9ncmVzc2l2ZS5JTlNUQUdSQU0uQ0xJUFMuQzIuNzIwLmRhc2hfYmFzZWxpbmVfMV92MSIsInhwdl9hc3NldF9pZCI6ODQ0OTU5MTU0OTA1MTQyLCJhc3NldF9hZ2VfZGF5cyI6NTcsInZpX3VzZWNhc2VfaWQiOjEwMDk5LCJkdXJhdGlvbl9zIjoyNiwidXJsZ2VuX3NvdXJjZSI6Ind3dyJ9&ccb=17-1&vs=c25a316ac65378fe&_nc_vs=HBksFQIYUmlnX3hwdl9yZWVsc19wZXJtYW5lbnRfc3JfcHJvZC9FQjQ0QjE4MDg2NjcxNjI3MUM3REUxRUNFNzBDQUZBMV92aWRlb19kYXNoaW5pdC5tcDQVAALIARIAFQIYUWlnX3hwdl9wbGFjZW1lbnRfcGVybWFuZW50X3YyLzAxNEU3NUJGQzdBMzFEMkVFOEEwMTAzM0UzMDAxNThCX2F1ZGlvX2Rhc2hpbml0Lm1wNBUCAsgBEgAoABgAGwKIB3VzZV9vaWwBMRJwcm9ncmVzc2l2ZV9yZWNpcGUBMRUAACbsgLmkjJ-AAxUCKAJDMiwXQDrmZmZmZmYYEmRhc2hfYmFzZWxpbmVfMV92MREAdf4HZeadAQA&_nc_gid=Hpc2oWLmTDuEYST0KvlJ8Q&edm=ANo9K5cEAAAA&_nc_zt=28&_nc_tpa=Q5bMBQE7LobRrvPEWCV7rEI7kxw1BZNN--mbFGA0qKJ1_EfDabLDw5zlhYGb5m07clav94O_wXbe7x3-3Q&oh=00_AQDm41Rfb3PIzxS8q-kuiP5fD9o2eOhxa7d0srgP1UHbDg&oe=6A691E65,https://scontent-sjc6-1.cdninstagram.com/v/t51.82787-15/752509104_18105812894120341_1515296070929301327_n.jpg?stp=dst-jpg_e35_tt6&_nc_cat=108&ccb=7-5&_nc_sid=18de74&efg=eyJlZmdfdGFnIjoiQ0xJUFMuYmVzdF9pbWFnZV91cmxnZW4uQzIifQ%3D%3D&_nc_ohc=QCHCfhbi2roQ7kNvwEdLoxl&_nc_oc=AdpeVunHgLaZExqs7-cs5sjxx03p8niG_6ZnftNzsyymrBdWdXmAJqjAla0neLCJHSM&_nc_zt=23&_nc_ht=scontent-sjc6-1.cdninstagram.com&edm=ANo9K5cEAAAA&_nc_gid=Hpc2oWLmTDuEYST0KvlJ8Q&_nc_tpa=Q5bMBQEfhqNLkMVCpuKwIKCUJ1vxD6VUQK9ZCiluvebEQ3aIIBVUhBxz4l0G3BVk8No1UxyTY_6LKgLIqQ&oh=00_AQAs8LXWz1l7XkP6VkCuNlKbh3hmnSi7-5j0uRQG25mz7A&oe=6A6CEA3B,3,0,,,,
18588184744034659,2026-05-29T11:00:18+0000,"A stunning 5 bedroom penthouse, 501 at St Peter's Bay is a reminder that some Barbados properties never rely on trends. 

The kind of views that remain just as compelling long after move-in day.

For overseas buyers, buying property in Barbados is often about more than finding somewhere beautiful.

It is about finding somewhere you genuinely want to return to again and again.

We spend a great deal of time helping buyers identify the difference. Because the strongest properties are rarely defined by a single feature.

They combine location, lifestyle, usability, and long-term desirability in a way that simply feels right.

Priced at USD$4,995,000

For private property discussions:
info@residencebarbados.com

#BarbadosRealEstate #BuyingPropertyInBarbados #StPetersBay #StPeterBarbados #WestCoastBarbados",IMAGE,https://www.instagram.com/p/DY64xhDEYd6/,https://scontent-sjc6-1.cdninstagram.com/v/t51.82787-15/710374254_18100372454120341_7736117167304915999_n.jpg?stp=dst-jpg_e35_tt6&_nc_cat=109&ccb=7-5&_nc_sid=18de74&efg=eyJlZmdfdGFnIjoiRkVFRC5iZXN0X2ltYWdlX3VybGdlbi5DMiJ9&_nc_ohc=7mUOdmPzqXEQ7kNvwEQ7RRP&_nc_oc=Adr6gBboS0ZSDpOuFDW2kczk1wGQyTiI-yxTVMXvqo6H8TDmJmgxCUtWv9hW6Boek1c&_nc_zt=23&_nc_ht=scontent-sjc6-1.cdninstagram.com&edm=ANo9K5cEAAAA&_nc_gid=Hpc2oWLmTDuEYST0KvlJ8Q&_nc_tpa=Q5bMBQFc2PuTmfXVc3Iw_76ZrRW6WA6Dm2omALX5tzYn8C3zX5YOWcgTaWCuEDIvyLb9SQgebFcsrcntUQ&oh=00_AQBZiRu-IIXlFVbwVAfBxlWDIMPitNhzO4UVWVUBQ7JGDw&oe=6A6D08EE,,2,0,,,,
18140732200464090,2026-05-27T11:26:20+0000,"The first smart step before buying property in Barbados is usually choosing how you want to be represented.

For overseas buyers, the real value is often having one organised process from the very beginning.

We work differently because we only represent buyers, so that the search stays focused on:

* the brief,
* the shortlist,
* the curation,
* and helping clients compare the market clearly from overseas.

This matters because property information in Barbados often moves across multiple websites, conversations, and agencies at the same time.

The objective is not simply seeing more homes.

It is creating a shortlist where every option already feels aligned before viewings and negotiations even begin.

For private property discussions:

mike.ashton@residencebarbados.com

#BarbadosRealEstate #BuyingPropertyInBarbados #WestCoastBarbados #BarbadosProperty #LivingInBarbados",CAROUSEL_ALBUM,https://www.instagram.com/p/DY1yJeLEbgn/,https://scontent-sjc6-1.cdninstagram.com/v/t51.82787-15/709756563_18100157744120341_6386854715420047537_n.jpg?stp=dst-jpg_e35_tt6&_nc_cat=109&ccb=7-5&_nc_sid=18de74&efg=eyJlZmdfdGFnIjoiQ0FST1VTRUxfSVRFTS5iZXN0X2ltYWdlX3VybGdlbi5DMiJ9&_nc_ohc=d31MkdjxOgUQ7kNvwGFWSGv&_nc_oc=AdowvSpyDTYsdjQQXpasYiFW35NieWDlsClO4Z84SSTDp-yF6-IzSmvFhJvjF1JxgPU&_nc_zt=23&_nc_ht=scontent-sjc6-1.cdninstagram.com&edm=ANo9K5cEAAAA&_nc_gid=Hpc2oWLmTDuEYST0KvlJ8Q&_nc_tpa=Q5bMBQGd47FZKM_O4xgAFC_srisKvPJHwQvx2YeJCKsQCMxtXAG341kwaMoLj8qVTeJVg-KPtldlIS7SQg&oh=00_AQD-bSRgO_r6BXXeofCB-wzdM3W3UAJ46FSBZLCpMMQUsA&oe=6A6CDF7A,,25,1,,,,
18103802602794081,2026-05-25T11:31:07+0000,"The first step in a Barbados property search is choosing how you want to be represented.
Barbados is fortunate to have many excellent real estate agents, respected agencies, and strong international brands operating across the island. Buyers are generally very well served here.

For overseas buyers, the process is often easier when it is organised clearly from the beginning.
One point of contact. 
One organised search. 
One person helping compare the market properly.
That matters because property information in Barbados often moves across several websites, agents, and conversations at the same time.

We work differently because we only represent buyers, so the search stays focused, the shortlist remains clear, and the full purchase path is easier to manage from overseas.

The result is a calmer, more organised experience before the first viewing even takes place.

For private property discussions:
mike.ashton@residencebarbados.com

#BarbadosRealEstate #BuyingPropertyInBarbados #BarbadosLuxuryProperty #WestCoastBarbados #BarbadosProperty",CAROUSEL_ALBUM,https://www.instagram.com/p/DYwpICclvpa/,https://scontent-sjc6-1.cdninstagram.com/v/t51.82787-15/707647119_18099942554120341_5572788085451047849_n.jpg?stp=dst-jpg_e35_tt6&_nc_cat=100&ccb=7-5&_nc_sid=18de74&efg=eyJlZmdfdGFnIjoiQ0FST1VTRUxfSVRFTS5iZXN0X2ltYWdlX3VybGdlbi5DMiJ9&_nc_ohc=fQPiDnTqg_kQ7kNvwE_a3xL&_nc_oc=AdqbkD4gUdiZwGxkF6QAb4_mbixJU6RZJ8oJ-1LOW1q3veZgkH95OmWNsP34ezE1EyE&_nc_zt=23&_nc_ht=scontent-sjc6-1.cdninstagram.com&edm=ANo9K5cEAAAA&_nc_gid=Hpc2oWLmTDuEYST0KvlJ8Q&_nc_tpa=Q5bMBQEp5rJF-eU9tFJelUhi4-uWnMtQ74F06HAxgk_J6ypck2UWJQp8ojGzNBPRyGEf_QGbg2Z3T1f-nA&oh=00_AQBHyoOGfp_jJa_rFoBF7Fq20W3t-lGtWADAy8ao9z-V3Q&oe=6A6D01F8,,2,0,,,,
17941124517232318,2026-05-24T13:00:24+0000,"Land and build opportunities inside Royal Westmoreland with these views have become increasingly rare.

Ocean View represents the type of opportunity many overseas buyers are actively looking for:
the ability to secure a position within an established Barbados resort community while creating a home designed around modern lifestyle preferences.

For overseas buyers, buying property in Barbados is increasingly shifting toward:

* flexible layouts,
* indoor-outdoor living,
* wellness-focused design,
* entertaining space,
* and long-term usability.

This is one of the reasons land and build opportunities continue attracting attention across Barbados’ West Coast.

Royal Westmoreland remains one of the island’s most premium resort communities because it combines:

* golf,
* security,
* infrastructure,
* west coast access,
* and established ownership appeal.

We increasingly help buyers compare completed homes against land and build opportunities so that the final decision aligns properly with how they actually want to live in Barbados long term.

For private property discussions:

Contact@cadrean.com

#BarbadosRealEstate #BuyingPropertyInBarbados #RoyalWestmoreland #BarbadosLuxuryProperty #WestCoastBarbados",IMAGE,https://www.instagram.com/p/DYuOjDoFiwP/,https://scontent-sjc6-1.cdninstagram.com/v/t51.82787-15/707592313_18099837848120341_2363171406634865313_n.jpg?stp=dst-jpg_e35_tt6&_nc_cat=102&ccb=7-5&_nc_sid=18de74&efg=eyJlZmdfdGFnIjoiRkVFRC5iZXN0X2ltYWdlX3VybGdlbi5DMiJ9&_nc_ohc=5ZkA1fATlZEQ7kNvwEa3OVW&_nc_oc=AdrTzuI14TWR_fnViGDcH_HbbQ2lwvbkJGXpp_cmIuaGIvmhCXC652nScIOnVZDMCnM&_nc_zt=23&_nc_ht=scontent-sjc6-1.cdninstagram.com&edm=ANo9K5cEAAAA&_nc_gid=Hpc2oWLmTDuEYST0KvlJ8Q&_nc_tpa=Q5bMBQHaTFOZXbsTv4Wp2RR06mQw6edeof4jYfraVyg97TitHZBIviS8F6XHjXCa0lc4N208lSjepEaxWw&oh=00_AQBDR7xfeEN0n2I8t7-8htsX89l4L0A6Z5N5CpQjsXTK3w&oe=6A6CED72,,2,0,,,,
18137203705534079,2026-05-22T17:46:15+0000,"Some homes in Barbados enter the market publicly.

Others begin circulating quietly between serious overseas buyers already watching the West Coast closely.

Sea Breeze Beach House in Fitts Village is the type of property we increasingly see shortlisted early because buying property in Barbados at this level is rarely driven by aesthetics alone.

The combination matters:

* direct beachfront positioning,
* practical entertaining space,
* guest flexibility,
* west coast access,
* and long-term ownership usability.

For overseas buyers, Barbados continues standing apart because ownership here still feels stable, internationally familiar, and genuinely enjoyable to use over time.

We increasingly curate homes like this through a more strategic lens so that buyers can understand not only the property itself, but why certain assets continue attracting long-term attention from internationally mobile families and lifestyle-driven capital.

Sea Breeze is already part of active shortlist conversations and ongoing acquisition planning.

Priced at $6,500,000 USD

For private details:

contact@cadrean.com

#BarbadosRealEstate #BuyingPropertyInBarbados #WestCoastBarbados #BarbadosLuxuryProperty #StJamesBarbados",CAROUSEL_ALBUM,https://www.instagram.com/p/DYplq7KCWw7/,https://scontent-sjc3-1.cdninstagram.com/v/t51.82787-15/704697062_18099645155120341_1049060686811880692_n.jpg?stp=dst-jpg_e35_tt6&_nc_cat=103&ccb=7-5&_nc_sid=18de74&efg=eyJlZmdfdGFnIjoiQ0FST1VTRUxfSVRFTS5iZXN0X2ltYWdlX3VybGdlbi5DMiJ9&_nc_ohc=Qw0GU1PAUpMQ7kNvwGqB749&_nc_oc=AdoW2Wj2JZwHlXPaiY2OIws-dqwUndsca-e_kX6y6jAsJQrSZviQk1jum6kGAl_xsQk&_nc_zt=23&_nc_ht=scontent-sjc3-1.cdninstagram.com&edm=ANo9K5cEAAAA&_nc_gid=Hpc2oWLmTDuEYST0KvlJ8Q&_nc_tpa=Q5bMBQF2S2w3p9KwHOY1c7Nvdd1CmBDcqZE4mbTSuEQtb44vlW8uk76G7Xp4ajJpVQ8nZZzhX6x8l0rsig&oh=00_AQDLbY3eINPgyAyiko-QjTJpVonIAlxf1hFkLaBZqUHzjQ&oe=6A6D005A,,2,0,,,,
17974528095028339,2026-05-20T11:30:51+0000,"The final residential phase at The Crane Resort is now moving through strong pre-sales activity. 

For many overseas buyers, The Crane represents something very specific within Barbados real estate. Established resort infrastructure, recognised hospitality, beachfront positioning, rental management capability, and long-term familiarity with the island itself. 

Crane Residences Phase 4 continues that evolution. 

18 of the 28 residences are now reserved, with remaining availability across studios, one-bedroom residences, two-bedroom residences, and penthouse configurations. 

Current pricing reflects pre-construction positioning from US$399,000, with staged payment structures available through to completion. 

For overseas buyers buying property in Barbados, projects like this increasingly attract buyers looking for lifestyle ownership combined with flexibility for future use, family planning, and managed rental opportunity within a fully integrated resort environment. 

As Barbados continues to mature as an international lifestyle market, established developments with long operating history, recognised infrastructure, and limited new beachfront inventory continue to command strong attention. 

Development documentation and legal pack available on request. 

Save this post for future Barbados property research. 
Contact@residencebarbados.com

#TheCraneBarbados #BarbadosRealEstate #BuyingPropertyInBarbados #BarbadosLuxuryProperty #BeachfrontBarbados",CAROUSEL_ALBUM,https://www.instagram.com/p/DYjxHzyFL-7/,https://scontent-sjc3-1.cdninstagram.com/v/t51.82787-15/703259468_18099396236120341_2480770504025839308_n.jpg?stp=dst-jpg_e35_tt6&_nc_cat=110&ccb=7-5&_nc_sid=18de74&efg=eyJlZmdfdGFnIjoiQ0FST1VTRUxfSVRFTS5iZXN0X2ltYWdlX3VybGdlbi5DMiJ9&_nc_ohc=P_dS9-sZYvMQ7kNvwFhD6Du&_nc_oc=Adp8ssknWTIpXfeOxuoU4tOMe9j7diZXec3YwEeeWkT9BHU8xNaWNEhFa3v2ohnYX18&_nc_zt=23&_nc_ht=scontent-sjc3-1.cdninstagram.com&edm=ANo9K5cEAAAA&_nc_gid=Hpc2oWLmTDuEYST0KvlJ8Q&_nc_tpa=Q5bMBQG6bIOfiZ0NOjkvi_0Po6r9o1ypA5PpFfxzRXAorRI1iiYAgaexe1uiqWffuGPAoVOAJi5V0VO_zw&oh=00_AQDTD0ISIVBBeQ59eiVDOP8xW9Jk_5UHDoSFkAm1ImhX2A&oe=6A6D11D1,,2,0,,,,
17996531249957945,2026-05-18T10:54:17+0000,"“We stopped looking at holidays differently.”

For many overseas buyers, buying property in Barbados does not begin with a spreadsheet, investment target, or active property search.

It usually begins much more quietly.

A familiar villa. A favourite coastline. Children returning every year. Friendships formed over time. The island slowly becomes part of the rhythm of family life.

Then eventually the conversation changes.

“What if we owned here?”

For overseas buyers buying property in Barbados, ownership is often less about speculation and more about continuity, lifestyle, long-term family use, and creating a place that already feels familiar before the purchase even begins.

In Barbados real estate, the strongest decisions are often the ones that evolve naturally over time.

We help buyers navigate that transition carefully, so that the move from visitor to owner feels aligned, structured, and personal.

DM “BARBADOS” for buyer-side guidance.

#BarbadosRealEstate #BuyingPropertyInBarbados #BarbadosLuxuryProperty
#WestCoastBarbados #LuxuryLifestyleBarbados",VIDEO,https://www.instagram.com/reel/DYejTEsjrBc/,https://scontent-sjc6-1.cdninstagram.com/o1/v/t2/f2/m86/AQNDTqmy7VLnGEiFve0WAG4PFEBRAgqC8OkGKSyrCg1Mv5SGWulMYtvpjzVF6I0SW303RaCswA5b7K1BmyyjXXoKa0cS6ZOshtHE1YM.mp4?_nc_cat=101&_nc_sid=5e9851&_nc_ht=scontent-sjc6-1.cdninstagram.com&_nc_ohc=B_ZgTXz6OyEQ7kNvwHJQacQ&efg=eyJ2ZW5jb2RlX3RhZyI6Inhwdl9wcm9ncmVzc2l2ZS5JTlNUQUdSQU0uQ0xJUFMuQzIuNzIwLmRhc2hfYmFzZWxpbmVfMV92MSIsInhwdl9hc3NldF9pZCI6MTgwOTkxODg1OTExMjAzNDEsImFzc2V0X2FnZV9kYXlzIjo2OSwidmlfdXNlY2FzZV9pZCI6MTAwOTksImR1cmF0aW9uX3MiOjE5LCJ1cmxnZW5fc291cmNlIjoid3d3In0%3D&ccb=17-1&vs=add3720f8b688ef1&_nc_vs=HBkcFQIYUmlnX3hwdl9yZWVsc19wZXJtYW5lbnRfc3JfcHJvZC83QjQ3QTFEN0E4QkU2RTg5MzAzRkM3RjVDNjlDMUM4Rl92aWRlb19kYXNoaW5pdC5tcDQVAALIARIAKAAYABsCiAd1c2Vfb2lsATEScHJvZ3Jlc3NpdmVfcmVjaXBlATEVAAAmqr-Sq7fHpkAVAigCQzIsF0AzGZmZmZmaGBJkYXNoX2Jhc2VsaW5lXzFfdjERAHX-B2XmnQEA&_nc_gid=Hpc2oWLmTDuEYST0KvlJ8Q&edm=ANo9K5cEAAAA&_nc_zt=28&_nc_tpa=Q5bMBQGw7AaAIxTYwOCJagvA5mkkFf4qpNpK9jKFCQE4ljD6onereh-P50ei6UoWg93UYbj_SoUF9emgeg&oh=00_AQDnr_hjtrVyUnDj8wkeilwNF72IRmNqXCTkD8ZP5nBdrQ&oe=6A6917F6,https://scontent-sjc3-1.cdninstagram.com/v/t51.71878-15/702360900_1542546210809508_5162230913824997369_n.jpg?stp=dst-jpg_e35_tt6&_nc_cat=105&ccb=7-5&_nc_sid=18de74&efg=eyJlZmdfdGFnIjoiQ0xJUFMuYmVzdF9pbWFnZV91cmxnZW4uQzIifQ%3D%3D&_nc_ohc=LWExhT7ijrAQ7kNvwFjg14C&_nc_oc=AdpIB57lr0RshSpp7P6cbWlIKEy1chpZUsAZRInabrN8GxQAuLfzNxogKxrFvSSRIRQ&_nc_zt=23&_nc_ht=scontent-sjc3-1.cdninstagram.com&edm=ANo9K5cEAAAA&_nc_gid=Hpc2oWLmTDuEYST0KvlJ8Q&_nc_tpa=Q5bMBQFZIGj7bl8ECpnt3j8boyKVhs2IPM49Uk5JVdcnouwhkSAJ885Poqeby2fmftpJCWUzQM9VheBQlw&oh=00_AQCt1s2D3BwCDf4wtKriYOlw263FxASAk9hhumX2ccFHWg&oe=6A6CE4A1,2,0,,,,
18266623600293262,2026-05-17T10:45:16+0000,"For overseas buyers, buying property in Barbados is often about far more than simply selecting a property. Timing, lifestyle, family use, relocation plans, and confidence in the process all shape the experience differently for every client.

This recent client testimonial meant a great deal to receive.

“Mike Ashton is my realtor and has been wonderful at helping me secure my home in Barbados. He is kind and exceptionally patient, does not oversell or hard sell. He listens deeply and seeks to understand his clients.”

In Barbados real estate, relationships matter. Representation should feel supportive, informed, calm, and aligned to the buyer rather than driven by pressure.

We work closely with overseas buyers buying property in Barbados so that the process feels more personal, more structured, and significantly easier to navigate from abroad.

Very grateful for the trust.

#BarbadosRealEstate #BuyingPropertyInBarbados #BuyerRepresentation #WestCoastBarbados #BarbadosLuxuryProperty",IMAGE,https://www.instagram.com/p/DYb9f-Vl_32/,https://scontent-sjc6-1.cdninstagram.com/v/t51.82787-15/694552355_18099079079120341_2924629633745178853_n.jpg?stp=dst-jpg_e35_tt6&_nc_cat=100&ccb=7-5&_nc_sid=18de74&efg=eyJlZmdfdGFnIjoiRkVFRC5iZXN0X2ltYWdlX3VybGdlbi5DMiJ9&_nc_ohc=BFJM9PF2tcsQ7kNvwEPZT2D&_nc_oc=AdoOrLUkWaL0SIYqlYhD0DHWW0FhOdHoO96ed_rlhufqsMR8uw625cPC4reNA602VWA&_nc_zt=23&_nc_ht=scontent-sjc6-1.cdninstagram.com&edm=ANo9K5cEAAAA&_nc_gid=Hpc2oWLmTDuEYST0KvlJ8Q&_nc_tpa=Q5bMBQH1vjWMBCjYHF0Ghfh5yjyVYPSqAZF5awrLMt_8Nyj_aqlILaPxKP8KwkU-zUSNnsQUb52-klAfUA&oh=00_AQBIZ9YNpjPghWq6p5mF2v2Gdrq3CCDbXhMWfyFnGwB5Jg&oe=6A6D0619,,13,1,,,,
17921317659347783,2026-05-16T10:47:14+0000,"Some Barbados property acquisitions begin long before the buyer arrives on the island. 

For overseas buyers, buying property in Barbados is increasingly tied to relocation planning, long-term ownership, capital positioning, family transitions, and private lifestyle decisions happening quietly in the background. 

Cadrean has been built for that type of buyer. 

This private acquisition platform allows overseas buyers, family offices, and trusted advisors to submit a secure acquisition brief so that opportunities can be curated directly around the client’s requirements, timing, and ownership objectives. 

For overseas buyers buying property in Barbados, this creates a more discreet and structured acquisition experience with access to on-market properties, off-market opportunities, pre-sales, and projects coming soon. 

2026/27 acquisition briefs are now being accepted privately. 

Save this post. 
Some acquisitions should remain discreet.

#BarbadosRealEstate #BarbadosBuyerAdvisor #Cadrean #PrivateAcquisition",IMAGE,https://www.instagram.com/p/DYZY7nzlzB_/,https://scontent-sjc6-1.cdninstagram.com/v/t51.82787-15/686380706_18098967053120341_519637663268066046_n.jpg?stp=dst-jpg_e35_tt6&_nc_cat=100&ccb=7-5&_nc_sid=18de74&efg=eyJlZmdfdGFnIjoiRkVFRC5iZXN0X2ltYWdlX3VybGdlbi5DMiJ9&_nc_ohc=JnPowsNw5NcQ7kNvwGavGHx&_nc_oc=AdpMbX7jJ8siK0MwBIju9pEMHFZ8mZcH62QYBz2LH-T4z_W_mhE4_rGI_OU3tjAG25M&_nc_zt=23&_nc_ht=scontent-sjc6-1.cdninstagram.com&edm=ANo9K5cEAAAA&_nc_gid=Hpc2oWLmTDuEYST0KvlJ8Q&_nc_tpa=Q5bMBQH1hgf_EkeXKtnnSfee-OTGsVkKnzr-UJ6GCAKiYBx5yWSOYxwvD_xdSSMekn-FUt986n9J8qYCig&oh=00_AQAjV_Jpv-IWbpk2BcOzNqZCGrIX2VldXlO1LsJxJv_e5w&oe=6A6D1553,,3,0,,,,
18102621184807739,2026-05-15T12:01:06+0000,"“Should we buy now or wait for the next release?” 

For overseas buyers, buying property in Barbados increasingly includes evaluating new developments, pre-sales, branded residences, and resort communities entering the market across the island. 

Some buyers prioritize completed inventory and immediate use. Others focus on launch pricing, future appreciation, rental potential, or securing positions early within projects coming to market. 

In Barbados real estate, understanding the difference between those opportunities matters far more than simply reacting to launch marketing. 

For overseas buyers buying property in Barbados, the right decision usually comes down to timing, ownership goals, usage plans, and understanding how each development fits into the wider market. 

We help buyers evaluate new opportunities with clearer context, so that decisions are made with more certainty and stronger long-term alignment. 

Buying property in Barbados becomes far more strategic when the full development landscape is understood early. 

DM “BARBADOS” for buyer-side guidance. 

#BarbadosRealEstate #BuyingPropertyInBarbados #BarbadosLuxuryProperty #WestCoastBarbados #CaribbeanRealEstate",VIDEO,https://www.instagram.com/reel/DYW8iXXFIbW/,https://scontent-sjc6-1.cdninstagram.com/o1/v/t2/f2/m86/AQNp_yXDM-f2LoiOzF31SNa9xoJdqgLj2b76tGBHBodjW-SO6sbV3jouZwTRESRScec4Dj5mvAmTzTHCyqtPD9eNleQSd0Vr7YrO4FM.mp4?_nc_cat=108&_nc_sid=5e9851&_nc_ht=scontent-sjc6-1.cdninstagram.com&_nc_ohc=qwYqYCG4Oj4Q7kNvwEi1-xY&efg=eyJ2ZW5jb2RlX3RhZyI6Inhwdl9wcm9ncmVzc2l2ZS5JTlNUQUdSQU0uQ0xJUFMuQzIuNzIwLmRhc2hfYmFzZWxpbmVfMV92MSIsInhwdl9hc3NldF9pZCI6MTgwOTg4NjU2OTgxMjAzNDEsImFzc2V0X2FnZV9kYXlzIjo3MiwidmlfdXNlY2FzZV9pZCI6MTAwOTksImR1cmF0aW9uX3MiOjE5LCJ1cmxnZW5fc291cmNlIjoid3d3In0%3D&ccb=17-1&vs=88a891d6ffa86c58&_nc_vs=HBkcFQIYUmlnX3hwdl9yZWVsc19wZXJtYW5lbnRfc3JfcHJvZC8yMjQyQjFGNzcyNTkyNzZFMENCRDJCNUY1RTVFQUE4M192aWRlb19kYXNoaW5pdC5tcDQVAALIARIAKAAYABsCiAd1c2Vfb2lsATEScHJvZ3Jlc3NpdmVfcmVjaXBlATEVAAAmqoqxzNG0pkAVAigCQzIsF0AzIgxJul41GBJkYXNoX2Jhc2VsaW5lXzFfdjERAHX-B2XmnQEA&_nc_gid=Hpc2oWLmTDuEYST0KvlJ8Q&edm=ANo9K5cEAAAA&_nc_zt=28&_nc_tpa=Q5bMBQFevdJV3NMX63r9i5GlDV9I-MSo0GIz8wYIsiZIzJLHtZSzF5WCQ_Wi9lTNHH1uVvb0Mk4Da6IZ5A&oh=00_AQBfVjuOFvZaHKiwBhLECt_DApsSbLoEt07ptlmSNtd6lw&oe=6A691735,https://scontent-sjc3-1.cdninstagram.com/v/t51.71878-15/671190161_852281751248185_5405355100196987334_n.jpg?stp=dst-jpg_e35_tt6&_nc_cat=103&ccb=7-5&_nc_sid=18de74&efg=eyJlZmdfdGFnIjoiQ0xJUFMuYmVzdF9pbWFnZV91cmxnZW4uQzIifQ%3D%3D&_nc_ohc=zeIcnzWsqecQ7kNvwFLnX9Z&_nc_oc=Adoh1WV6D_JReziPDiq7wM0_7soNCE0H29xv9lcgq8RQtd9CUFBEtSic9CtZ3U5LJ_M&_nc_zt=23&_nc_ht=scontent-sjc3-1.cdninstagram.com&edm=ANo9K5cEAAAA&_nc_gid=Hpc2oWLmTDuEYST0KvlJ8Q&_nc_tpa=Q5bMBQE97-KoQK6UdOjudBus5UCodDV5kPA5TMjc3xAD7fnChcSbL-rZSLn1tNEWWZVewi6EBrByIOsuGg&oh=00_AQD2P7S2tU9-ZGZh4P56GqITaEJDvkf9EBMEShqeU6E92A&oe=6A6CFEFC,2,0,,,,
18150104896468254,2026-05-13T12:01:05+0000,"“I thought every agent had different properties.”

For overseas buyers, buying property in Barbados can initially feel fragmented. Multiple agencies, repeated listings, different websites, and overlapping conversations often create more noise than clarity.

In Barbados real estate, many properties are shared across the market through agent relationships, collaboration, and local networks.

That changes the role of representation completely.

The advantage is not necessarily seeing more listings. It is having someone representing your interests clearly across the market itself, reducing duplication, improving coordination, and creating access to the right opportunities more efficiently.

For overseas buyers buying property in Barbados, this often creates a more focused and far less confusing acquisition experience.

We work on the buyer side, so that the search process feels more aligned, more strategic, and significantly easier to navigate remotely.

DM “BARBADOS” for buyer-side guidance.

#BarbadosRealEstate #BuyingPropertyInBarbados #BuyerRepresentation #WestCoastBarbados #BarbadosLuxuryProperty",VIDEO,https://www.instagram.com/reel/DYRy-n-kfgE/,https://scontent-sjc3-1.cdninstagram.com/o1/v/t2/f2/m86/AQOO5kMnBj8Vvcyvf2jTPHUc0XE5PHz31jmaIBhhVWMIG5EI8neybcvrdrSwttYNZvAMyc0acTuEBnfoxKeP2mz1VpY6pt_uwL3O1EE.mp4?_nc_cat=106&_nc_sid=5e9851&_nc_ht=scontent-sjc3-1.cdninstagram.com&_nc_ohc=CDn8RqorcooQ7kNvwHgJ_u9&efg=eyJ2ZW5jb2RlX3RhZyI6Inhwdl9wcm9ncmVzc2l2ZS5JTlNUQUdSQU0uQ0xJUFMuQzIuNzIwLmRhc2hfYmFzZWxpbmVfMV92MSIsInhwdl9hc3NldF9pZCI6MTgwOTg2NjY2MDYxMjAzNDEsImFzc2V0X2FnZV9kYXlzIjo3NCwidmlfdXNlY2FzZV9pZCI6MTAwOTksImR1cmF0aW9uX3MiOjExLCJ1cmxnZW5fc291cmNlIjoid3d3In0%3D&ccb=17-1&vs=5a4992806950c79d&_nc_vs=HBksFQIYUmlnX3hwdl9yZWVsc19wZXJtYW5lbnRfc3JfcHJvZC8zMjQ1RDkyNEVBMjc0NjAyODVEM0RDQzU2NjdEMkQ5M192aWRlb19kYXNoaW5pdC5tcDQVAALIARIAFQIYUWlnX3hwdl9wbGFjZW1lbnRfcGVybWFuZW50X3YyLzE1NDk3NENEQzM0MDJERTQzMTlEREJEMjgxQzVEODlBX2F1ZGlvX2Rhc2hpbml0Lm1wNBUCAsgBEgAoABgAGwKIB3VzZV9vaWwBMRJwcm9ncmVzc2l2ZV9yZWNpcGUBMRUAACaqtrqfhqmmQBUCKAJDMiwXQCZU_fO2RaIYEmRhc2hfYmFzZWxpbmVfMV92MREAdf4HZeadAQA&_nc_gid=Hpc2oWLmTDuEYST0KvlJ8Q&edm=ANo9K5cEAAAA&_nc_zt=28&_nc_tpa=Q5bMBQGOR0l1FF3YR31hXxMbw1JKgLVSSxV5qa8ZfSLuBSDe86BA8SOwS3fqvtHf9_fRAx10CQ2p-zk_nQ&oh=00_AQBsQhFNLGOuXtyPJji15S8YM2blOOUjfK7g16RxoqVRuQ&oe=6A690DA3,https://scontent-sjc6-1.cdninstagram.com/v/t51.82787-15/695182137_18098666681120341_6203679092388168027_n.jpg?stp=dst-jpg_e35_tt6&_nc_cat=104&ccb=7-5&_nc_sid=18de74&efg=eyJlZmdfdGFnIjoiQ0xJUFMuYmVzdF9pbWFnZV91cmxnZW4uQzIifQ%3D%3D&_nc_ohc=LKm3YemRNKsQ7kNvwEneY9V&_nc_oc=AdrcfDKHMCoHS5qrE36wIoJBTDgWH1WkyrcGT8CGQRBHMFdOm1bLvBqN7eV3mhDY5WU&_nc_zt=23&_nc_ht=scontent-sjc6-1.cdninstagram.com&edm=ANo9K5cEAAAA&_nc_gid=Hpc2oWLmTDuEYST0KvlJ8Q&_nc_tpa=Q5bMBQFEokK3zC-biP3J62MJj-IBZvFD-LP_oqvkdbOEjOA3U_48VwDZBiitYGVMIEIDfbHiRjvDA_kUWw&oh=00_AQByzLiJKiMT-X0bexadWMGVMEFSBvdPdech29TEFrB-8w&oe=6A6D0BA5,2,0,,,,
18420519331193347,2026-05-11T13:45:38+0000,"“We didn’t realise how much was involved.”

For overseas buyers, buying property in Barbados is often far easier when the transaction is coordinated properly from the beginning.

Legal timelines, banking requirements, cross-border documentation, foreign exchange, due diligence, and communication across multiple parties all shape the acquisition experience differently when buying remotely.

In Barbados real estate, the transaction process itself is often where buyers either gain confidence or lose momentum.

Most overseas buyers buying property in Barbados are not looking for complexity. They are looking for a process that feels structured, calm, and professionally managed from start to finish.

We coordinate the moving parts on the buyer side, so that communication, timelines, and transaction flow remain clear throughout the acquisition.

Buying property in Barbados becomes significantly easier when the process is managed proactively before issues appear.

DM “BARBADOS” for buyer-side guidance.

#BarbadosRealEstate #BuyingPropertyInBarbados #BarbadosLuxuryProperty #WestCoastBarbados #CaribbeanRealEstate",VIDEO,https://www.instagram.com/reel/DYM1WZkEodT/,https://scontent-sjc6-1.cdninstagram.com/o1/v/t2/f2/m86/AQOUvsKdCoLeL87lfBbpK5S0VTpPBeBTZh4Cj0Q8RgE-x3KdTgWdBmQRn-HKzRm9Anox34pSdvL0v0vTo9PhKlOjrI2_7G7gvOkWhZM.mp4?_nc_cat=111&_nc_sid=5e9851&_nc_ht=scontent-sjc6-1.cdninstagram.com&_nc_ohc=vn_vY5qsODMQ7kNvwG03Qom&efg=eyJ2ZW5jb2RlX3RhZyI6Inhwdl9wcm9ncmVzc2l2ZS5JTlNUQUdSQU0uQ0xJUFMuQzIuNzIwLmRhc2hfYmFzZWxpbmVfMV92MSIsInhwdl9hc3NldF9pZCI6MTgwOTg0Nzk1MTQxMjAzNDEsImFzc2V0X2FnZV9kYXlzIjo3NiwidmlfdXNlY2FzZV9pZCI6MTAwOTksImR1cmF0aW9uX3MiOjExLCJ1cmxnZW5fc291cmNlIjoid3d3In0%3D&ccb=17-1&vs=18ca1eb9b5f603b2&_nc_vs=HBksFQIYUmlnX3hwdl9yZWVsc19wZXJtYW5lbnRfc3JfcHJvZC84RTRFMjMzMzc4NTM3RkFBOTdBRUM4QTU2MTc3MDc5NV92aWRlb19kYXNoaW5pdC5tcDQVAALIARIAFQIYUWlnX3hwdl9wbGFjZW1lbnRfcGVybWFuZW50X3YyLzk0NDQxQTc3MDlCNjI2RURDOUVERTNFNDZDNzBGQjhEX2F1ZGlvX2Rhc2hpbml0Lm1wNBUCAsgBEgAoABgAGwKIB3VzZV9vaWwBMRJwcm9ncmVzc2l2ZV9yZWNpcGUBMRUAACaqws-mlJ6mQBUCKAJDMiwXQCZU_fO2RaIYEmRhc2hfYmFzZWxpbmVfMV92MREAdf4HZeadAQA&_nc_gid=Hpc2oWLmTDuEYST0KvlJ8Q&edm=ANo9K5cEAAAA&_nc_zt=28&_nc_tpa=Q5bMBQFwc0DtPriT6UajuZyBF5nrbk5PL6Y_HBCseClR85LD2Ogdz9UaY-KMHSLmHuDa3JBmAXTjdBmNRw&oh=00_AQD2f9L9VY2L4sGT3kSPh4Jwq_LiRQUY2cA4OJGlwBtXcg&oe=6A690850,https://scontent-sjc6-1.cdninstagram.com/v/t51.82787-15/672443893_18098479586120341_1220088516053570820_n.jpg?stp=dst-jpg_e35_tt6&_nc_cat=104&ccb=7-5&_nc_sid=18de74&efg=eyJlZmdfdGFnIjoiQ0xJUFMuYmVzdF9pbWFnZV91cmxnZW4uQzIifQ%3D%3D&_nc_ohc=YPDoLY3n8C0Q7kNvwHR97kC&_nc_oc=AdomtRYQpRpIquyXXKellKssUAoAAmFh8q08pyO756-pS10JMeO3u24It-faDGNwSXU&_nc_zt=23&_nc_ht=scontent-sjc6-1.cdninstagram.com&edm=ANo9K5cEAAAA&_nc_gid=Hpc2oWLmTDuEYST0KvlJ8Q&_nc_tpa=Q5bMBQEvN4yHh8Fa2kSG7PKDQYbKmEcncZhtiqpVfz9Tc5RAzHY6GAL1KCAQQaapUZspmhkFqrql27DL1A&oh=00_AQAAJl3MTozw5-hY3V8HmWzHroOlPiLhl1DJLCi9ZS7Ypw&oe=6A6CE7E2,2,0,,,,
17884154646397130,2026-05-10T11:00:23+0000,"Opened in 1887, The Crane remains one of the most established addresses in Barbados.

For overseas buyers, buying property in Barbados is often about more than beachfront ownership alone. Buyers are increasingly looking for places with permanence, operational infrastructure, long-term reputation, and a proven history of attracting international owners for generations.

The Crane represents that differently from many modern developments.

What began as the oldest operating hotel in the Caribbean has evolved into a full mixed-use resort community with private residences, resort amenities, rental management, restaurants, wellness facilities, and direct oceanfront positioning on one of the island’s most recognizable coastlines.

In Barbados real estate, longevity matters. Markets change, trends move, and developments evolve. Very few properties remain relevant across multiple generations of ownership and tourism.

We help overseas buyers navigate buying property in Barbados by identifying not only the right property, but the right ownership environment, long-term fit, and lifestyle alignment so that decisions are made with greater clarity and confidence.

DM “BARBADOS” for buyer-side guidance.

#BarbadosRealEstate #BuyingPropertyInBarbados #TheCraneBarbados #WestCoastBarbados #BarbadosLuxuryProperty",IMAGE,https://www.instagram.com/p/DYJ9qmxF--s/,https://scontent-sjc6-1.cdninstagram.com/v/t51.82787-15/671785939_18098361350120341_8788835341014949500_n.jpg?stp=dst-jpg_e35_tt6&_nc_cat=101&ccb=7-5&_nc_sid=18de74&efg=eyJlZmdfdGFnIjoiRkVFRC5iZXN0X2ltYWdlX3VybGdlbi5DMiJ9&_nc_ohc=Of6y-ADWBbQQ7kNvwFxuk-T&_nc_oc=AdrMJ-6CoFb6zirAFGOqvIj133O6wZgeRP4yl4VhJzAj4AVPQw_Xm2PuNOijwwcwJfA&_nc_zt=23&_nc_ht=scontent-sjc6-1.cdninstagram.com&edm=ANo9K5cEAAAA&_nc_gid=Hpc2oWLmTDuEYST0KvlJ8Q&_nc_tpa=Q5bMBQFoZQZ8iqDJ05Fivl_IMHDUD8jdwS1Gtcchf9hEsm0U9ePwir9TZaowjjjI07fhzs0LMW2Lh586yQ&oh=00_AQCK1d5urnY-J5SCSxenLBUo-hWpqaeIh0sYNX9sNX6DCw&oe=6A6CEC43,,5,0,,,,
17884119027399225,2026-05-09T14:29:03+0000,"Cadrean.com is coming to Barbados. 

For overseas buyers, buying property in Barbados has traditionally meant searching listings, sending inquiries, and trying to navigate the market remotely. 

Cadrean changes that completely. 

This new buyer-centric acquisition platform has been designed around the buyer brief first. Once your requirements are understood, your secure private client space is created and our team begins curating opportunities directly around your acquisition goals. 

For overseas buyers buying property in Barbados, this creates a more intelligent and discreet experience with access to on-market properties, off-market opportunities, pre-sales, and projects coming soon. 

Cadrean has also been built for family offices, wealth advisors, and institutions supporting clients relocating capital or lifestyle interests into Barbados. Advisors maintain the client relationship while we provide the local acquisition infrastructure, market access, and discreet execution support behind the scenes. 

You are no longer simply browsing Barbados real estate remotely. You are represented inside the market itself. 

Save this post. 
Private acquisition in Barbados is about to change. 

#BarbadosRealEstate #BuyingPropertyInBarbados 
#PrivateAcquisition #BarbadosLuxuryProperty 
#Cadrean",VIDEO,https://www.instagram.com/reel/DYHwrJVA711/,https://scontent-sjc6-1.cdninstagram.com/o1/v/t2/f2/m86/AQOQGfZBXHGWYiwOLWDs-KAZIKlKyvZ0kmS1tAsnA9LpKOjaAhZeBrA3P342ZcFRh7xT70Jy8wgWqrYwBlG_AHcH9-zbbRRGAj2a6ow.mp4?_nc_cat=108&_nc_sid=5e9851&_nc_ht=scontent-sjc6-1.cdninstagram.com&_nc_ohc=Cz3mOmRLB7YQ7kNvwEer6HP&efg=eyJ2ZW5jb2RlX3RhZyI6Inhwdl9wcm9ncmVzc2l2ZS5JTlNUQUdSQU0uQ0xJUFMuQzIuNzIwLmRhc2hfYmFzZWxpbmVfMV92MSIsInhwdl9hc3NldF9pZCI6MTIxODU5Njc0MzUxODg1MCwiYXNzZXRfYWdlX2RheXMiOjc4LCJ2aV91c2VjYXNlX2lkIjoxMDA5OSwiZHVyYXRpb25fcyI6MzcsInVybGdlbl9zb3VyY2UiOiJ3d3cifQ%3D%3D&ccb=17-1&vs=42c1e783ea15afdc&_nc_vs=HBksFQIYUmlnX3hwdl9yZWVsc19wZXJtYW5lbnRfc3JfcHJvZC9CMDQwRjI2MkVGNTEyNDRCODE0NjQzMTdCQjkwQTNCRF92aWRlb19kYXNoaW5pdC5tcDQVAALIARIAFQIYUWlnX3hwdl9wbGFjZW1lbnRfcGVybWFuZW50X3YyL0I1NENGQ0I0MkMzNTExQTU4Mjc2MEQ2RUM5RTY5QzhFX2F1ZGlvX2Rhc2hpbml0Lm1wNBUCAsgBEgAoABgAGwKIB3VzZV9vaWwBMRJwcm9ncmVzc2l2ZV9yZWNpcGUBMRUAACaE6qyg1ZOqBBUCKAJDMiwXQEKIcrAgxJwYEmRhc2hfYmFzZWxpbmVfMV92MREAdf4HZeadAQA&_nc_gid=Hpc2oWLmTDuEYST0KvlJ8Q&edm=ANo9K5cEAAAA&_nc_zt=28&_nc_tpa=Q5bMBQGJnaHGtvRI-sKbm7tH7AiPMfkfuUPKtOLiMeWmeNrZYWbqbS1wAIEWOoJCFJ9FN_XV2JxJyX6lmQ&oh=00_AQDwhOEDFXNiDlvb-3jK8JReJiLiRqPVaLBf7YKVVoUMjg&oe=6A690671,https://scontent-sjc6-1.cdninstagram.com/v/t51.71878-15/683632844_27023517417310936_2234687800076131466_n.jpg?stp=dst-jpg_e35_tt6&_nc_cat=101&ccb=7-5&_nc_sid=18de74&efg=eyJlZmdfdGFnIjoiQ0xJUFMuYmVzdF9pbWFnZV91cmxnZW4uQzIifQ%3D%3D&_nc_ohc=VDFRxXlGaicQ7kNvwFgimUg&_nc_oc=Adqi-CSmXQFmgcjb89pZqQWQcAa0foUyGcm9dAp6uE9ta5FbisY23QDYzSoEy-tn-OA&_nc_zt=23&_nc_ht=scontent-sjc6-1.cdninstagram.com&edm=ANo9K5cEAAAA&_nc_gid=Hpc2oWLmTDuEYST0KvlJ8Q&_nc_tpa=Q5bMBQEWmysnhks5cVIcIxc6LlEJXkA9-rmbaagqQnWNE003u7NVReNnFRfF3dda0gDC8EDf-mn7itdjmQ&oh=00_AQAhp91-vplhVkwgK_XXTHnQJJgWrh8-XJmiC0I7fDW1sQ&oe=6A6D11EF,2,0,,,,
17951724513138163,2026-05-08T13:53:54+0000,"“We can negotiate that down.”

For overseas buyers, buying property in Barbados can start with the assumption that cash creates leverage. In Barbados, that is rarely how this market works. Many sellers are not distressed or under pressure to sell quickly. 

These are often Barbados luxury properties, second homes, and long-term lifestyle assets. That changes negotiation completely.

The strongest position is the buyer who feels most certain, straightforward, and most likely to close without complications.

We help structure the process early, so that buyers enter negotiations with stronger positioning, clearer credibility, and fewer surprises.

Buying property in Barbados becomes far more effective when negotiation is built around certainty instead of pressure.

DM “BARBADOS” for buyer-side guidance.
mike.ashton@residencebarbados.com

#BarbadosRealEstate #BuyingPropertyInBarbados #WestCoastBarbados #CaribbeanRealEstate #BarbadosLuxuryProperty",VIDEO,https://www.instagram.com/reel/DYFH7txEXJw/,https://scontent-sjc3-1.cdninstagram.com/o1/v/t2/f2/m86/AQM0eOx1OJFN9pnOnxuL24kL7tSOM4HqmleA3KL5gskTUe2oC3jK47H1Ceh-eb5KuawLDNpEqrAiz72S4znsvyFMUEQXX6gtcJ1q2Wc.mp4?_nc_cat=110&_nc_sid=5e9851&_nc_ht=scontent-sjc3-1.cdninstagram.com&_nc_ohc=W-A5C90_dbEQ7kNvwH25nUk&efg=eyJ2ZW5jb2RlX3RhZyI6Inhwdl9wcm9ncmVzc2l2ZS5JTlNUQUdSQU0uQ0xJUFMuQzIuNzIwLmRhc2hfYmFzZWxpbmVfMV92MSIsInhwdl9hc3NldF9pZCI6MTgwOTgxNTIzOTQxMjAzNDEsImFzc2V0X2FnZV9kYXlzIjo3OSwidmlfdXNlY2FzZV9pZCI6MTAwOTksImR1cmF0aW9uX3MiOjExLCJ1cmxnZW5fc291cmNlIjoid3d3In0%3D&ccb=17-1&vs=d1171b546b494f02&_nc_vs=HBksFQIYUmlnX3hwdl9yZWVsc19wZXJtYW5lbnRfc3JfcHJvZC9CQTQ3QTI1Qjg2QzNBOUIzMDA2QUVGRjY0MDg4RURBRl92aWRlb19kYXNoaW5pdC5tcDQVAALIARIAFQIYUWlnX3hwdl9wbGFjZW1lbnRfcGVybWFuZW50X3YyLzNGNDc0NzFDNjk2MTdCRTc4ODhCMzM0OTMzRjU2MDhCX2F1ZGlvX2Rhc2hpbml0Lm1wNBUCAsgBEgAoABgAGwKIB3VzZV9vaWwBMRJwcm9ncmVzc2l2ZV9yZWNpcGUBMRUAACaq8taIj4umQBUCKAJDMiwXQCZU_fO2RaIYEmRhc2hfYmFzZWxpbmVfMV92MREAdf4HZeadAQA&_nc_gid=Hpc2oWLmTDuEYST0KvlJ8Q&edm=ANo9K5cEAAAA&_nc_zt=28&_nc_tpa=Q5bMBQE6hEwX6JL7OZ_p89JxMH4h_NHckjjQ9OQ1hgR20aRQkO7ktiRu-1mIf5QbTPRysf26QcAaQrsb_Q&oh=00_AQBCgZE91T3_sL6BqqpuFfOKwY7EcoiGgVeKyAZdWHMMqA&oe=6A6912DF,https://scontent-sjc6-1.cdninstagram.com/v/t51.82787-15/685863875_18098152451120341_4044132392974710356_n.jpg?stp=dst-jpg_e35_tt6&_nc_cat=101&ccb=7-5&_nc_sid=18de74&efg=eyJlZmdfdGFnIjoiQ0xJUFMuYmVzdF9pbWFnZV91cmxnZW4uQzIifQ%3D%3D&_nc_ohc=N-tUzDh-nZgQ7kNvwFeCau5&_nc_oc=AdovAwG7EMJc-G0T5uhm47YwuNQidpuMqnQAMp79Vl_yJjivFwwHg4fAkn8q_TtyhjY&_nc_zt=23&_nc_ht=scontent-sjc6-1.cdninstagram.com&edm=ANo9K5cEAAAA&_nc_gid=Hpc2oWLmTDuEYST0KvlJ8Q&_nc_tpa=Q5bMBQHnymGGIVgEmpLVt78gd5r6JvTvMdd7D04mkWQCEj-dv6uFiLBWew2J3sFYgYk0ZEPLTllDOkYc1Q&oh=00_AQBv7KCCnyxerVUG05RYjV2-kX1YfHHoKIikpgkPYKSoFA&oe=6A6CFD19,1,0,,,,
17936918859214580,2026-05-06T11:02:19+0000,"Another property gone.

Buying property in Barbados is shaped by timing. In Barbados, the best properties are often secured before most buyers can act. This is not about urgency or pressure. It comes down to which buyer is prepared before the opportunity appears.

For overseas buyers, buying property in Barbados requires preparation before the search begins. Clarity, funding, and structure determine who can move without hesitation.

The buyers who secure the right properties are ready early. That is what creates access.

We handle this on the buyer side, so that when the right property appears, you are already in position.

#BarbadosRealEstate #BuyingPropertyInBarbados #WestCoastBarbados #CaribbeanRealEstate #LuxuryPropertyBarbados",VIDEO,https://www.instagram.com/reel/DX_qsNTkrVF/,https://scontent-sjc6-1.cdninstagram.com/o1/v/t2/f2/m86/AQPb0lTVrO_uvNko6i0HY3LBlaRWEljoDW1TRMWCMZPb6OK2GrhS-X5QX49-AZEoycP7I53inHrtrPXhX5DE_4Twr1MehSL7oFfAfd0.mp4?_nc_cat=102&_nc_sid=5e9851&_nc_ht=scontent-sjc6-1.cdninstagram.com&_nc_ohc=HK5J_vWJ1zIQ7kNvwHslAKl&efg=eyJ2ZW5jb2RlX3RhZyI6Inhwdl9wcm9ncmVzc2l2ZS5JTlNUQUdSQU0uQ0xJUFMuQzMuNzIwLmRhc2hfYmFzZWxpbmVfMV92MSIsInhwdl9hc3NldF9pZCI6MTgwOTc5MzczNTcxMjAzNDEsImFzc2V0X2FnZV9kYXlzIjo4MSwidmlfdXNlY2FzZV9pZCI6MTAwOTksImR1cmF0aW9uX3MiOjExLCJ1cmxnZW5fc291cmNlIjoid3d3In0%3D&ccb=17-1&vs=9b4d4f0a07731dc1&_nc_vs=HBksFQIYUmlnX3hwdl9yZWVsc19wZXJtYW5lbnRfc3JfcHJvZC8wMDQ5OEEwNjIyOUU3RkE0MjNFQ0IyOURBMkZGQUFBNl92aWRlb19kYXNoaW5pdC5tcDQVAALIARIAFQIYUWlnX3hwdl9wbGFjZW1lbnRfcGVybWFuZW50X3YyL0QyNDlDQjZBRTY4NzBCQUNBMTQ0ODAyQjUyOUNGQ0E0X2F1ZGlvX2Rhc2hpbml0Lm1wNBUCAsgBEgAoABgAGwKIB3VzZV9vaWwBMRJwcm9ncmVzc2l2ZV9yZWNpcGUBMRUAACaqjbX1zP6lQBUCKAJDMywXQCZU_fO2RaIYEmRhc2hfYmFzZWxpbmVfMV92MREAdf4HZeadAQA&_nc_gid=OTDKZrMHEN_EHeXsfxlTZQ&edm=ANo9K5cEAAAA&_nc_zt=28&_nc_tpa=Q5bMBQH178dk2B6wLrf5JX7pIzNh27XeJPgVO1kymoXwj-gx7hMYiN8gBPMJV6oRNdV6SgduYQmgrNRR8w&oh=00_AQAgrPn9KvPl3FJFX8iUYAnbDySLtpVYq3iN5R37rkWlUw&oe=6A690DF3,https://scontent-sjc6-1.cdninstagram.com/v/t51.82787-15/685113308_18097937423120341_986296217337745239_n.jpg?stp=dst-jpg_e35_tt6&_nc_cat=102&ccb=7-5&_nc_sid=18de74&efg=eyJlZmdfdGFnIjoiQ0xJUFMuYmVzdF9pbWFnZV91cmxnZW4uQzMifQ%3D%3D&_nc_ohc=aYDPE3YpmuEQ7kNvwFtw2Is&_nc_oc=Adrsfidliy3SSRVCvzMKt0M96ZoOwWX1GGxmAEauZrZQ4RkPSPh9l-Fi-XtzhpD8oG4&_nc_zt=23&_nc_ht=scontent-sjc6-1.cdninstagram.com&edm=ANo9K5cEAAAA&_nc_gid=OTDKZrMHEN_EHeXsfxlTZQ&_nc_tpa=Q5bMBQEJAtbaK5c6YDtsIWFn9rMdsY3kMHPtvo2SRLJ-eC0IJj9i_YgqMu_mRHaiGnnJq1rMqD9v2WYeqg&oh=00_AQB8OVt-lf6rY_HRQawfrHlDVhXK7ZfPkWIlHcKDWwj_IQ&oe=6A6D1594,4,0,,,,
18006976310883016,2026-05-04T11:01:44+0000,"Buying property in Barbados as an overseas buyer means entering a market where most agents represent the seller.

Buyer representation changes how you enter the Barbados property market — from how your search is structured to how access and negotiation are handled.

For overseas buyers buying property in Barbados, this means your position is defined before you engage, not during the process.

This affects:
• how you access opportunities
• how you are perceived by sellers
• how effectively you move through negotiation

We represent buyers only, structuring search, coordinating access across the Barbados market, and guiding negotiation — ensuring decisions stay aligned to your objectives.

#BarbadosRealEstate #BuyingPropertyInBarbados #BuyerRepresentation #OverseasBuyers",VIDEO,https://www.instagram.com/reel/DX6hB7iAfA-/,https://scontent-sjc3-1.cdninstagram.com/o1/v/t2/f2/m86/AQO__RSJ2ruJ5IKODdquNLj4NZA3QIDOpedFv6NHt4sZ5D00oh96J4pw8widWHOQKE0s_fhDrF3zPBOrvkE2KhewV0E68Ldod5nmRug.mp4?_nc_cat=103&_nc_sid=5e9851&_nc_ht=scontent-sjc3-1.cdninstagram.com&_nc_ohc=qPqzEL_SDrQQ7kNvwEaUl6V&efg=eyJ2ZW5jb2RlX3RhZyI6Inhwdl9wcm9ncmVzc2l2ZS5JTlNUQUdSQU0uQ0xJUFMuQzMuNzIwLmRhc2hfYmFzZWxpbmVfMV92MSIsInhwdl9hc3NldF9pZCI6MTgwOTc3NDI4MDExMjAzNDEsImFzc2V0X2FnZV9kYXlzIjo4MywidmlfdXNlY2FzZV9pZCI6MTAwOTksImR1cmF0aW9uX3MiOjExLCJ1cmxnZW5fc291cmNlIjoid3d3In0%3D&ccb=17-1&vs=b04b95c5cc5c2f6f&_nc_vs=HBkcFQIYUmlnX3hwdl9yZWVsc19wZXJtYW5lbnRfc3JfcHJvZC82QjQwMjQwMzkxNjBCM0M0NzYxRjI4RDdERkMwNTY4N192aWRlb19kYXNoaW5pdC5tcDQVAALIARIAKAAYABsCiAd1c2Vfb2lsATEScHJvZ3Jlc3NpdmVfcmVjaXBlATEVAAAmqrGtrqPzpUAVAigCQzMsF0AmVP3ztkWiGBJkYXNoX2Jhc2VsaW5lXzFfdjERAHX-B2XmnQEA&_nc_gid=OTDKZrMHEN_EHeXsfxlTZQ&edm=ANo9K5cEAAAA&_nc_zt=28&_nc_tpa=Q5bMBQGk-uEOtSw8Txkc7IMOyBtfyodrzLgn7V1OCATysqFMHpWQD9Cfq0Khxy9kI-iLfnVc4iFFbc0uvQ&oh=00_AQBgcgaGMQZ7oPheY0658gclI8Xvq_RIj8zK2U03Q49MVQ&oe=6A6922B0,https://scontent-sjc6-1.cdninstagram.com/v/t51.82787-15/683847733_18097742882120341_5578273474102219625_n.jpg?stp=dst-jpg_e35_tt6&_nc_cat=104&ccb=7-5&_nc_sid=18de74&efg=eyJlZmdfdGFnIjoiQ0xJUFMuYmVzdF9pbWFnZV91cmxnZW4uQzMifQ%3D%3D&_nc_ohc=R44Xfd_zafwQ7kNvwHOPao6&_nc_oc=AdrwFR1F7nDDx7TenZSwirEHgOLZCthOz34zWqZqPpSrlkGDN6y1vffrMkCTVhWQTZM&_nc_zt=23&_nc_ht=scontent-sjc6-1.cdninstagram.com&edm=ANo9K5cEAAAA&_nc_gid=OTDKZrMHEN_EHeXsfxlTZQ&_nc_tpa=Q5bMBQHSPyW9i_4jPtT7ArsRIutqXdNbVQPzlK8WWaWv7-LVluy5gOtJ5vBZ6ftvNRdeMjrsEJDGD06gEQ&oh=00_AQAEjoKztBFxHngXm5s35NMJSnhRg388rZfMAOWlZM8-7Q&oe=6A6D0DCD,5,0,,,,
17960533746095087,2026-05-03T11:37:56+0000,"The Barbados real estate market is still heavily relationship driven.

For overseas buyers, buying property in Barbados is not just about searching online listings. Much of the market moves through conversations, introductions, launches, private networks, and local relationships long before buyers ever see a property publicly discussed.

That is why being present matters.

From developer events to private gatherings and industry conversations, we stay connected to what is happening across the island so that buyers have stronger access, better context, and clearer market insight.

Many overseas buyers cannot be in Barbados every week. We can. That is part of how we represent buyers across the full market while reducing noise, duplication, and missed opportunities.

Buying property in Barbados becomes far more effective when someone is already in the room before the opportunity reaches the wider market.

DM “BARBADOS” for buyer-side guidance.

#BarbadosRealEstate #BuyingPropertyInBarbados
#BarbadosLuxuryProperty #WestCoastBarbados
#CaribbeanRealEstate",IMAGE,https://www.instagram.com/p/DX4AbGkjkUf/,https://scontent-sjc3-1.cdninstagram.com/v/t51.82787-15/684897787_18097644998120341_4113011497271668960_n.heic?stp=dst-jpg_e35_tt6&_nc_cat=105&ccb=7-5&_nc_sid=18de74&efg=eyJlZmdfdGFnIjoiRkVFRC5iZXN0X2ltYWdlX3VybGdlbi5DMyJ9&_nc_ohc=K8QWioUcKMkQ7kNvwG3uk31&_nc_oc=AdoxbSZR1RDeCkYWf-Yxvp4SiVcASjtx97prGTllNmbYVUu3GDOemvzmfWKLsFOLW1I&_nc_zt=23&_nc_ht=scontent-sjc3-1.cdninstagram.com&edm=ANo9K5cEAAAA&_nc_gid=OTDKZrMHEN_EHeXsfxlTZQ&_nc_tpa=Q5bMBQGvmwv9WRjro25s9IFWs266GSvdkqVINR4vMEkX16PfZacwSGY88mSHTKEil3pIFQ0md5g8RoEwyQ&oh=00_AQAPMfjb5yUpc_US8YV8t7Ahb56qow8u8hPKAzgCSZTcHw&oe=6A6CE8FE,,27,2,,,,
18406856212146909,2026-05-02T12:15:24+0000,"Global capital requires local context. In Barbados, the most significant acquisitions happen behind the scenes, driven by relationships rather than listings. We operate as your private proxy, ensuring every structural detail is managed with precision.

#MikeAshton #BarbadosAdvisory #BuySide #PropertySearch #WestCoastBarbados",VIDEO,https://www.instagram.com/reel/DX1f4jskgUj/,https://scontent-sjc6-1.cdninstagram.com/o1/v/t2/f2/m86/AQNaQiARSICTK0fH5YPlqQed65MjdLqOSr22cHqzbpEeftPuDKwMat714VV4V9QfgY-20QrytP6sK_p_UoQ3wAgOMuImIsTX7SMaxiw.mp4?_nc_cat=107&_nc_sid=5e9851&_nc_ht=scontent-sjc6-1.cdninstagram.com&_nc_ohc=49vuJY9BzMsQ7kNvwEElkxv&efg=eyJ2ZW5jb2RlX3RhZyI6Inhwdl9wcm9ncmVzc2l2ZS5JTlNUQUdSQU0uQ0xJUFMuQzMuNzIwLmRhc2hfYmFzZWxpbmVfMV92MSIsInhwdl9hc3NldF9pZCI6MTgwOTc1MzgwMTUxMjAzNDEsImFzc2V0X2FnZV9kYXlzIjo4NSwidmlfdXNlY2FzZV9pZCI6MTAwOTksImR1cmF0aW9uX3MiOjI0LCJ1cmxnZW5fc291cmNlIjoid3d3In0%3D&ccb=17-1&vs=1a50974074022839&_nc_vs=HBksFQIYUmlnX3hwdl9yZWVsc19wZXJtYW5lbnRfc3JfcHJvZC9BNTRFOTJDNjI3REM5ODJFMzE3QzY0NzlCNEI0NDE5Ql92aWRlb19kYXNoaW5pdC5tcDQVAALIARIAFQIYUWlnX3hwdl9wbGFjZW1lbnRfcGVybWFuZW50X3YyLzE4NEYzRUY2M0EyNTcwMTVDREUyQTlENTgxQ0Y2OUExX2F1ZGlvX2Rhc2hpbml0Lm1wNBUCAsgBEgAoABgAGwKIB3VzZV9vaWwBMRJwcm9ncmVzc2l2ZV9yZWNpcGUBMRUAACaqr5rLreelQBUCKAJDMywXQDiqfvnbItEYEmRhc2hfYmFzZWxpbmVfMV92MREAdf4HZeadAQA&_nc_gid=OTDKZrMHEN_EHeXsfxlTZQ&edm=ANo9K5cEAAAA&_nc_zt=28&_nc_tpa=Q5bMBQEtWAOmH55Nf33w479w81n0_xGZZtn3fzpB2jLmjJEo18SBINaBwuFWq9k42PZINOquZaalKKSTuw&oh=00_AQD6y6NQ3iq5ULI4-lPiXU8RojzAvt8csWyUs6sIibhFsA&oe=6A690AC8,https://scontent-sjc6-1.cdninstagram.com/v/t51.82787-15/683795194_18097538627120341_7515625186931759467_n.jpg?stp=dst-jpg_e35_tt6&_nc_cat=102&ccb=7-5&_nc_sid=18de74&efg=eyJlZmdfdGFnIjoiQ0xJUFMuYmVzdF9pbWFnZV91cmxnZW4uQzMifQ%3D%3D&_nc_ohc=Y8AbGgJ-gl8Q7kNvwEtTbX1&_nc_oc=AdrVEiyabymcNxc3xuV4ZoW87mXVrAzoTY-cMS_FC_btr5NvhDL5Euj78cdFew8PH7c&_nc_zt=23&_nc_ht=scontent-sjc6-1.cdninstagram.com&edm=ANo9K5cEAAAA&_nc_gid=OTDKZrMHEN_EHeXsfxlTZQ&_nc_tpa=Q5bMBQEXOGApSC-4y9KyeBwtb6Z822_o8QxDCoBtWFfRDbP11De3PB0i4GbvY4MGBKF42jwOyL7qFXr2gA&oh=00_AQCddRBixhd0I5wmD8HClfrz3A_Au5QfSLDZ1vQJd4dkYA&oe=6A6D0138,4,0,,,,
18584250712007237,2026-05-01T12:20:15+0000,"Buying property in Barbados involves coordinating multiple parties across the transaction.

Legal, finance, agents, and developers each play a defined role, and how they align directly affects execution.

For overseas buyers buying property in Barbados, access, negotiation, and completion are shaped by how well this coordination is structured from the outset.

In Barbados, agents and developers control access, while legal and finance must align to ensure transactions progress efficiently.

This affects:
• how quickly you can move
• how smoothly transactions progress
• how effectively decisions translate into execution

We work on the buyer side, aligning the right partners and structuring coordination across the Barbados property market — ensuring execution is clear, efficient, and controlled from start to completion.

#BarbadosRealEstate #BuyingPropertyInBarbados #PropertyAcquisition #OverseasProperty",VIDEO,https://www.instagram.com/reel/DXy7nqpjHVp/,https://scontent-sjc3-1.cdninstagram.com/o1/v/t2/f2/m86/AQOy8IojCWs0w42uudaGXuMffLoRQYIR_tFhhAe-v8iuy8xUyO02_Qan1HBRvX9_jFJFQJul29FHVad3bbz_DpdW2xzm-gSaC6HSP14.mp4?_nc_cat=106&_nc_sid=5e9851&_nc_ht=scontent-sjc3-1.cdninstagram.com&_nc_ohc=2RdOJ_o_woAQ7kNvwGPaSm6&efg=eyJ2ZW5jb2RlX3RhZyI6Inhwdl9wcm9ncmVzc2l2ZS5JTlNUQUdSQU0uQ0xJUFMuQzMuNzIwLmRhc2hfYmFzZWxpbmVfMV92MSIsInhwdl9hc3NldF9pZCI6MTgwOTc0MzI2ODgxMjAzNDEsImFzc2V0X2FnZV9kYXlzIjo4NiwidmlfdXNlY2FzZV9pZCI6MTAwOTksImR1cmF0aW9uX3MiOjExLCJ1cmxnZW5fc291cmNlIjoid3d3In0%3D&ccb=17-1&vs=b860579b65051cc2&_nc_vs=HBkcFQIYUmlnX3hwdl9yZWVsc19wZXJtYW5lbnRfc3JfcHJvZC8wRTQ1Rjk0NkJBQkU2RDVDMkQyRDM2Mjk5QTlDN0NCRV92aWRlb19kYXNoaW5pdC5tcDQVAALIARIAKAAYABsCiAd1c2Vfb2lsATEScHJvZ3Jlc3NpdmVfcmVjaXBlATEVAAAmqsjG65zhpUAVAigCQzMsF0AmVP3ztkWiGBJkYXNoX2Jhc2VsaW5lXzFfdjERAHX-B2XmnQEA&_nc_gid=OTDKZrMHEN_EHeXsfxlTZQ&edm=ANo9K5cEAAAA&_nc_zt=28&_nc_tpa=Q5bMBQGV58i66F0RdVWBFT8Z--vCiyahAJVr5O9LdeMwRSwqrXNPM3jcxG2-7H7fRKnePLmypBrffQJrZg&oh=00_AQAv05m5YxeT5PJo2aZERMwcKow0wqZqJxPsNNyKtOWfTw&oe=6A6918CF,https://scontent-sjc6-1.cdninstagram.com/v/t51.82787-15/683279046_18097432757120341_3209136205427376072_n.jpg?stp=dst-jpg_e35_tt6&_nc_cat=111&ccb=7-5&_nc_sid=18de74&efg=eyJlZmdfdGFnIjoiQ0xJUFMuYmVzdF9pbWFnZV91cmxnZW4uQzMifQ%3D%3D&_nc_ohc=1o5vQ-CUgXEQ7kNvwHvqqyf&_nc_oc=Adqdt_j6XBLCop4AXOeo5rv2lhXKAQNIjWje1npdljjynDEOliIkYSJMwvO7wfMDypg&_nc_zt=23&_nc_ht=scontent-sjc6-1.cdninstagram.com&edm=ANo9K5cEAAAA&_nc_gid=OTDKZrMHEN_EHeXsfxlTZQ&_nc_tpa=Q5bMBQFXblAm7cZfp11SjqAXg6DnOQUBBvTpvBY37zNXCoPh_Dp_tdbipdE6fvl7d6PKvQpviwliBmIgqg&oh=00_AQD6BWsUIlSBw8NgZYgDjXYbTi4FHPEwTiKsnsQOirwoEQ&oe=6A6CF1F4,3,0,,,,
18049671137742996,2026-04-29T11:59:08+0000,"Buying property in Barbados requires understanding how the market actually behaves.

Barbados is a supply constrained market where opportunities are limited, demand remains strong, and pricing is disciplined.

For overseas buyers buying property in Barbados, this means competition is consistent and pricing is rarely reactive.

Quality assets continue to hold value, and access is shaped by how well buyers understand the market before they engage.

This directly affects:
• how you approach opportunities
• how you position yourself with sellers
• how effectively you move through negotiation

We work on the buyer side, bringing market clarity to overseas buyers entering the Barbados property market — ensuring decisions are informed and aligned from the outset.

#BarbadosRealEstate #BuyingPropertyInBarbados #OverseasProperty #PropertyAcquisition",VIDEO,https://www.instagram.com/reel/DXtvn-BEeWD/,https://scontent-sjc6-1.cdninstagram.com/o1/v/t2/f2/m86/AQPVS-w8bV5qdUQmupPHaYKDCQqKidBn7qzHujRL3EbM3ak9ryYPL3bGNdZFHqVLKwp9LPYMgLBxniSUlKxNGirOJ5my3_EmDbOLxXY.mp4?_nc_cat=102&_nc_sid=5e9851&_nc_ht=scontent-sjc6-1.cdninstagram.com&_nc_ohc=HuE7-gcjucAQ7kNvwHNLjad&efg=eyJ2ZW5jb2RlX3RhZyI6Inhwdl9wcm9ncmVzc2l2ZS5JTlNUQUdSQU0uQ0xJUFMuQzMuNzIwLmRhc2hfYmFzZWxpbmVfMV92MSIsInhwdl9hc3NldF9pZCI6MTgwOTcyMjE1OTAxMjAzNDEsImFzc2V0X2FnZV9kYXlzIjo4OCwidmlfdXNlY2FzZV9pZCI6MTAwOTksImR1cmF0aW9uX3MiOjExLCJ1cmxnZW5fc291cmNlIjoid3d3In0%3D&ccb=17-1&vs=30c7916b3c873469&_nc_vs=HBkcFQIYUmlnX3hwdl9yZWVsc19wZXJtYW5lbnRfc3JfcHJvZC9CMzRENDA0MzY3NDc3MUFCNzgwNjg1QjE3NTBGNDI4MV92aWRlb19kYXNoaW5pdC5tcDQVAALIARIAKAAYABsCiAd1c2Vfb2lsATEScHJvZ3Jlc3NpdmVfcmVjaXBlATEVAAAmqt7nhPjUpUAVAigCQzMsF0AmVP3ztkWiGBJkYXNoX2Jhc2VsaW5lXzFfdjERAHX-B2XmnQEA&_nc_gid=OTDKZrMHEN_EHeXsfxlTZQ&edm=ANo9K5cEAAAA&_nc_zt=28&_nc_tpa=Q5bMBQG_hunGRSbOecbXV4oJaULdYMUB2j71mW33-y0EpwC3CuuF9gyXlM6Xx9LAQ0d9X4t1cTajXb75MA&oh=00_AQD3ig7olS6ylPddF2nPKN_jbMJrYDPej-LWLnWRK73TdA&oe=6A6913B3,https://scontent-sjc3-1.cdninstagram.com/v/t51.82787-15/681348189_18097221659120341_4669443237913481277_n.jpg?stp=dst-jpg_e35_tt6&_nc_cat=105&ccb=7-5&_nc_sid=18de74&efg=eyJlZmdfdGFnIjoiQ0xJUFMuYmVzdF9pbWFnZV91cmxnZW4uQzMifQ%3D%3D&_nc_ohc=KV4wlPdND8sQ7kNvwHyapsJ&_nc_oc=AdpXbQT3tlOV3HY_0OvyL7CgW57SUXbQp8AHo1-hU1nASrxBzG8Z1Q7eSKA6txxbdek&_nc_zt=23&_nc_ht=scontent-sjc3-1.cdninstagram.com&edm=ANo9K5cEAAAA&_nc_gid=OTDKZrMHEN_EHeXsfxlTZQ&_nc_tpa=Q5bMBQFVU-xHFqUEm9rrau3yGFq8pgfwOeZJ0fsEco-w0CsFbYirTKeS2YmRxwlvS1zfWj_2aEOC7uMlzQ&oh=00_AQCiUcsWsxcYDYtjZxZSTNTx3gC6LKvZ0X-aamke6KwxBQ&oe=6A6CEADD,3,0,,,,
18106576534900614,2026-04-27T11:01:32+0000,"Barbados buyers consistently ask how we are paid when buying property.

For overseas buyers navigating the Barbados real estate market, understanding how buyer-side representation is structured is part of entering the market.

When buying property in Barbados, our fee is aligned with the transaction and confirmed on completion.

This means:
– the structure is clear from the outset
– the process remains aligned through negotiation
– buyers are positioned correctly from entry to completion

We work on the buyer side, managing the process from search through to completion — coordinating access, structuring negotiations, and guiding acquisition.

There is no direct cost to the buyer.

#BarbadosRealEstate #BuyingPropertyInBarbados #BuyerRepresentation #OverseasBuyers",VIDEO,https://www.instagram.com/reel/DXofcAviaf-/,https://scontent-sjc6-1.cdninstagram.com/o1/v/t2/f2/m86/AQMIvHyUEL1naslzkNHwzrTSBCBSp1y1iZR30SrY0MWvCaKb-cVkR8jIl5cy_kgF0g7vYD_ENvJjiUCGoFtaZeFwLTIxwXFka0Y0gKU.mp4?_nc_cat=107&_nc_sid=5e9851&_nc_ht=scontent-sjc6-1.cdninstagram.com&_nc_ohc=0y7BdEgDH-QQ7kNvwENQpC9&efg=eyJ2ZW5jb2RlX3RhZyI6Inhwdl9wcm9ncmVzc2l2ZS5JTlNUQUdSQU0uQ0xJUFMuQzMuNzIwLmRhc2hfYmFzZWxpbmVfMV92MSIsInhwdl9hc3NldF9pZCI6MTgwOTcwMTU5NDMxMjAzNDEsImFzc2V0X2FnZV9kYXlzIjo5MCwidmlfdXNlY2FzZV9pZCI6MTAwOTksImR1cmF0aW9uX3MiOjksInVybGdlbl9zb3VyY2UiOiJ3d3cifQ%3D%3D&ccb=17-1&vs=265a69f0b96e018&_nc_vs=HBkcFQIYUmlnX3hwdl9yZWVsc19wZXJtYW5lbnRfc3JfcHJvZC8yQzRDOTdDQjEzMUFGNjI2RDNENjA1QTFCM0RGQzhCOV92aWRlb19kYXNoaW5pdC5tcDQVAALIARIAKAAYABsCiAd1c2Vfb2lsATEScHJvZ3Jlc3NpdmVfcmVjaXBlATEVAAAmqpfG7PvIpUAVAigCQzMsF0AjVP3ztkWiGBJkYXNoX2Jhc2VsaW5lXzFfdjERAHX-B2XmnQEA&_nc_gid=OTDKZrMHEN_EHeXsfxlTZQ&edm=ANo9K5cEAAAA&_nc_zt=28&_nc_tpa=Q5bMBQEMjxRGcVo0kNhVn1U9zP0rrKxxIFgi6AobUlGiVfNyxnXKtcIcj9CoQ-9mxTsW84EZyIyKSSBQnA&oh=00_AQCyc6oUsmEEbadTwMV0NxlvqNkjy928s7O8Y0pFImMHsg&oe=6A6922A0,https://scontent-sjc6-1.cdninstagram.com/v/t51.82787-15/660124927_18097016030120341_8761135600562179655_n.jpg?stp=dst-jpg_e35_tt6&_nc_cat=100&ccb=7-5&_nc_sid=18de74&efg=eyJlZmdfdGFnIjoiQ0xJUFMuYmVzdF9pbWFnZV91cmxnZW4uQzMifQ%3D%3D&_nc_ohc=Cm0A760OIQQQ7kNvwHXQAZW&_nc_oc=Adpi2fM5DEUcNqQLEcAmPpsABhSwGFQ4462a2w_79WSe8_jU__HiVeIym6Qwxup1XEA&_nc_zt=23&_nc_ht=scontent-sjc6-1.cdninstagram.com&edm=ANo9K5cEAAAA&_nc_gid=OTDKZrMHEN_EHeXsfxlTZQ&_nc_tpa=Q5bMBQFgsbiyfyQsYYuQenDwDrPpGjUpwF0eyPuAHJmW20MR_VcAzlo6JL-f4rpsycWTZD_CRKxLiBMEUw&oh=00_AQAguKy6uegDdbKiL27gUT3PiDfJW0ZsPKJfh18xCOIrbQ&oe=6A6D1609,1,0,,,,
18120619408711693,2026-04-26T11:15:15+0000,"It was a pleasure working alongside James Cuke from Realtors Limited to secure a successful result for our clients at Sugar Cane Ridge 2, Royal Westmoreland.

We enjoy these collaborations, bridging the gap between the right property and the perfect match through professional partnership.

Another “Yes"" for a happy new homeowner in Barbados!

Searching for your own slice of Royal Westmoreland? Let’s start a conversation. 📲 WhatsApp, DM, or email us today.

#ResidenceBarbados #RoyalWestmoreland #BarbadosRealEstate #BuyersAdvisor #SugarCaneRidge #SuccessfulSale #IslandLife",IMAGE,https://www.instagram.com/p/DXl8PWRF7oc/,https://scontent-sjc3-1.cdninstagram.com/v/t51.82787-15/671727233_18096894851120341_5994553732011500979_n.jpg?stp=dst-jpg_e35_tt6&_nc_cat=103&ccb=7-5&_nc_sid=18de74&efg=eyJlZmdfdGFnIjoiRkVFRC5iZXN0X2ltYWdlX3VybGdlbi5DMyJ9&_nc_ohc=QillP5QzN7UQ7kNvwHafeuY&_nc_oc=AdoOpyRhdeZquJLmc1mjtXKTf8tuxqJ10t3bZ36ttL7BONaTE3HvQtREHbRPKiSo_H8&_nc_zt=23&_nc_ht=scontent-sjc3-1.cdninstagram.com&edm=ANo9K5cEAAAA&_nc_gid=OTDKZrMHEN_EHeXsfxlTZQ&_nc_tpa=Q5bMBQHq6R9BxL94mHj9FtqaOPFn-_jGbYF5zBRyeTqHfscsIeM3Rg8vLlrpwd9bo_j3QCs7_5HyO49Grw&oh=00_AQBHesoBwL3ZYkTAYGEfkYWo8E7Q92LJKHrm2q7v5yG3hA&oe=6A6CFE30,,55,2,,,,
18068931311462468,2026-04-25T16:24:53+0000,"For institutions and advisors representing client capital, acquiring property in Barbados is not a standard process.

The market is relationship-driven, visibility is limited, and opportunities are not presented uniformly.

Not all opportunities are equal, and outcomes are shaped by how effectively local coordination is established before engagement.

Cadrean works alongside wealth managers, private banks, and advisors to coordinate that process — ensuring access, alignment, and execution remain controlled throughout.

#BarbadosRealEstate #BarbadosPropertyAdvisor #Cadrean #BuyersMarket",VIDEO,https://www.instagram.com/reel/DXj6wWqODzm/,https://scontent-sjc6-1.cdninstagram.com/o1/v/t2/f2/m86/AQN2_iH-_Zenqzo3OuQdxKrcxWbK2cykBjomH3PggYb8ZdFC8EZ2K3bf9vGt9Lvil3R9AP6o8StbAaA-bTFmA2YYuNf4NJs-fyF4EUM.mp4?_nc_cat=107&_nc_sid=5e9851&_nc_ht=scontent-sjc6-1.cdninstagram.com&_nc_ohc=zQlJua5wbj4Q7kNvwHlUm2y&efg=eyJ2ZW5jb2RlX3RhZyI6Inhwdl9wcm9ncmVzc2l2ZS5JTlNUQUdSQU0uQ0xJUFMuQzMuNzIwLmRhc2hfYmFzZWxpbmVfMV92MSIsInhwdl9hc3NldF9pZCI6MTMxODM1NTUxMDI5MTYxOCwiYXNzZXRfYWdlX2RheXMiOjkyLCJ2aV91c2VjYXNlX2lkIjoxMDA5OSwiZHVyYXRpb25fcyI6MjUsInVybGdlbl9zb3VyY2UiOiJ3d3cifQ%3D%3D&ccb=17-1&vs=c5bcf4ea7f4d6d84&_nc_vs=HBksFQIYUmlnX3hwdl9yZWVsc19wZXJtYW5lbnRfc3JfcHJvZC81NjRDQjRFN0U0QzgwNjg0QTE0ODJBRTY4QzREMzA4Nl92aWRlb19kYXNoaW5pdC5tcDQVAALIARIAFQIYUWlnX3hwdl9wbGFjZW1lbnRfcGVybWFuZW50X3YyLzY3NDQ3MDc5QTg1NURCRDk1QUYyMkQ4Qjc5NTExQTlDX2F1ZGlvX2Rhc2hpbml0Lm1wNBUCAsgBEgAoABgAGwKIB3VzZV9vaWwBMRJwcm9ncmVzc2l2ZV9yZWNpcGUBMRUAACbEsof-scLXBBUCKAJDMywXQDnMzMzMzM0YEmRhc2hfYmFzZWxpbmVfMV92MREAdf4HZeadAQA&_nc_gid=OTDKZrMHEN_EHeXsfxlTZQ&edm=ANo9K5cEAAAA&_nc_zt=28&_nc_tpa=Q5bMBQGWo7RNr8nWvWg7CJTcByIIWFFVWpCOxdLveGo0flGxaYnPyFKIhqyL8mLdCSv9_59qo3wevno--w&oh=00_AQBoSNgij6TJ4re65GfGNhYjHZ7LeyaBrsbG-pL4PKQMAQ&oe=6A690388,https://scontent-sjc3-1.cdninstagram.com/v/t51.82787-15/673858202_18096806675120341_7133286045242783533_n.jpg?stp=dst-jpg_e35_tt6&_nc_cat=106&ccb=7-5&_nc_sid=18de74&efg=eyJlZmdfdGFnIjoiQ0xJUFMuYmVzdF9pbWFnZV91cmxnZW4uQzMifQ%3D%3D&_nc_ohc=4SJoNmiECsoQ7kNvwEMuGZb&_nc_oc=AdqtKuszWhhPh0ZeT09VSGilUMTMbc9kmN1k-vGpI_XaZjEvlCmK-I5F9ZKZFlbZY-E&_nc_zt=23&_nc_ht=scontent-sjc3-1.cdninstagram.com&edm=ANo9K5cEAAAA&_nc_gid=OTDKZrMHEN_EHeXsfxlTZQ&_nc_tpa=Q5bMBQHgQF_wYiO-DvWINqnT2icNyF3wxEw4Jn3wIONiC0fiBQKvKi_je3QaWDTFQGF3etFFgrCXdVR-Ag&oh=00_AQC6cwhipqwkfiS55Jx1_tqh8mwxRL5uAwPjZhy0I9gjVg&oe=6A6D068B,2,0,,,,
18067511282692583,2026-04-24T16:15:26+0000,"Searching for property in Barbados as an overseas buyer means entering a competitive market.

Buying property in Barbados involves multiple buyers pursuing the same opportunities, particularly in established locations and well-positioned homes.

In Barbados, sellers engage with buyers who are ready to move.

This affects:
– access to property in Barbados
– how agents respond
– how negotiations progress

For overseas buyers buying property in Barbados, structure determines how effectively you move and how you are perceived by sellers.

We work on the buyer side, positioning overseas buyers before they enter the Barbados property market — ensuring clarity, speed, and alignment throughout the acquisition process.

Our fee sits within the transaction and is not a direct cost to the buyer.

#BarbadosRealEstate #BuyingPropertyInBarbados #OverseasProperty #PropertyAcquisition",VIDEO,https://www.instagram.com/reel/DXhU_s9HKML/,https://scontent-sjc3-1.cdninstagram.com/o1/v/t2/f2/m86/AQMMJQizKAAzB9H1fYHZT1XHJjQkKZ7YBLsc3yLQ-6COaTEMWNcI5Ap32B_4EG3ms1e21uW_glFgm4KCRaA3wKsezo6EvBH9nRpLeSE.mp4?_nc_cat=106&_nc_sid=5e9851&_nc_ht=scontent-sjc3-1.cdninstagram.com&_nc_ohc=xZDj2XWWXYEQ7kNvwF1SffH&efg=eyJ2ZW5jb2RlX3RhZyI6Inhwdl9wcm9ncmVzc2l2ZS5JTlNUQUdSQU0uQ0xJUFMuQzMuNzIwLmRhc2hfYmFzZWxpbmVfMV92MSIsInhwdl9hc3NldF9pZCI6MTgwOTY3MDE5NTQxMjAzNDEsImFzc2V0X2FnZV9kYXlzIjo5MywidmlfdXNlY2FzZV9pZCI6MTAwOTksImR1cmF0aW9uX3MiOjksInVybGdlbl9zb3VyY2UiOiJ3d3cifQ%3D%3D&ccb=17-1&vs=8828ad2b2cb5c46&_nc_vs=HBksFQIYUmlnX3hwdl9yZWVsc19wZXJtYW5lbnRfc3JfcHJvZC9ENzRCMzFFNDNDMjhGNzgyNDhGQzMyNURCMzhCNEI4NV92aWRlb19kYXNoaW5pdC5tcDQVAALIARIAFQIYUWlnX3hwdl9wbGFjZW1lbnRfcGVybWFuZW50X3YyL0VCNDcwNjc1RDQwRDBCMDg0OUZDM0U0NzlEMjBFQkJCX2F1ZGlvX2Rhc2hpbml0Lm1wNBUCAsgBEgAoABgAGwKIB3VzZV9vaWwBMRJwcm9ncmVzc2l2ZV9yZWNpcGUBMRUAACaq6qa52LalQBUCKAJDMywXQCNU_fO2RaIYEmRhc2hfYmFzZWxpbmVfMV92MREAdf4HZeadAQA&_nc_gid=OTDKZrMHEN_EHeXsfxlTZQ&edm=ANo9K5cEAAAA&_nc_zt=28&_nc_tpa=Q5bMBQGaeeAIVG0on0ZFQwtkiSg7edB6t-kKZKYTEedQ1U5ZRHVhRUvDkzDwKDDpE8RVmMWlIfYLp3wTUw&oh=00_AQB0dBybZJOxQZhimAtJv26ua5ug-DhL3eZNdvtubd8IUQ&oe=6A6906C3,https://scontent-sjc3-1.cdninstagram.com/v/t51.82787-15/671201789_18096702029120341_3120448855043594513_n.jpg?stp=dst-jpg_e35_tt6&_nc_cat=106&ccb=7-5&_nc_sid=18de74&efg=eyJlZmdfdGFnIjoiQ0xJUFMuYmVzdF9pbWFnZV91cmxnZW4uQzMifQ%3D%3D&_nc_ohc=dYwkOOYNFPwQ7kNvwF3w4E0&_nc_oc=AdoJnD3-gypg0LzUALj6I0eN7M3oxyx8UYr_19f6bb5IBLYcXuU1yhL6FFFtN1UFwk0&_nc_zt=23&_nc_ht=scontent-sjc3-1.cdninstagram.com&edm=ANo9K5cEAAAA&_nc_gid=OTDKZrMHEN_EHeXsfxlTZQ&_nc_tpa=Q5bMBQGzviuT-tpMTp66zYstRS6KQ7qY7vOo3PqixGPzs3Qz99Hld6u2gCcxb5gOM612vL3MRFzYfKIpcg&oh=00_AQCN32XmlafC8yO6L2Nup7YJVzeDMmZizmYs1u0cUEUAcg&oe=6A6D0B09,2,0,,,,
18068118992655051,2026-04-20T11:01:40+0000,"Buying property in Barbados as an overseas buyer starts before you begin viewing.

In Barbados, most overseas property buyers purchase with cash. Mortgages are available, but typically involve higher deposits, stricter lending criteria, and longer approval timelines.

Because of this, sellers in Barbados prioritise buyers who are financially prepared before entering the market.

This directly affects:
– access to property
– how agents engage
– how sellers respond during negotiation

We work on the buyer side, structuring overseas buyers before they enter the Barbados property market — coordinating access, aligning search, and positioning buyers correctly for acquisition.

Our fee sits within the transaction and is not a direct cost to the buyer.

#BarbadosRealEstate #BarbadosProperty #OverseasProperty #PropertyAcquisition",VIDEO,https://www.instagram.com/reel/DXWd5bBDcqK/,https://scontent-sjc3-1.cdninstagram.com/o1/v/t2/f2/m86/AQNzRknW0mvKXCKj9EkGDNBLd4LRI5xZHgKdnNd1eA5LIQlfoK4MEdOCwuo63_33CwRzRpT1njOJk_ummp5ghVj0Echhz88xQyWqfhI.mp4?_nc_cat=110&_nc_sid=5e9851&_nc_ht=scontent-sjc3-1.cdninstagram.com&_nc_ohc=zMBp7I4x_EkQ7kNvwH-LMI1&efg=eyJ2ZW5jb2RlX3RhZyI6Inhwdl9wcm9ncmVzc2l2ZS5JTlNUQUdSQU0uQ0xJUFMuQzMuNzIwLmRhc2hfYmFzZWxpbmVfMV92MSIsInhwdl9hc3NldF9pZCI6MTgwOTYyNjg4MTQxMjAzNDEsImFzc2V0X2FnZV9kYXlzIjo5NywidmlfdXNlY2FzZV9pZCI6MTAwOTksImR1cmF0aW9uX3MiOjksInVybGdlbl9zb3VyY2UiOiJ3d3cifQ%3D%3D&ccb=17-1&vs=f337e266ea883cea&_nc_vs=HBkcFQIYUmlnX3hwdl9yZWVsc19wZXJtYW5lbnRfc3JfcHJvZC85QzREMEY5QjVDQkE2NjMxRTQzM0E2MThFRjEzNTc5M192aWRlb19kYXNoaW5pdC5tcDQVAALIARIAKAAYABsCiAd1c2Vfb2lsATEScHJvZ3Jlc3NpdmVfcmVjaXBlATEVAAAmqtbnpr2dpUAVAigCQzMsF0AjVP3ztkWiGBJkYXNoX2Jhc2VsaW5lXzFfdjERAHX-B2XmnQEA&_nc_gid=OTDKZrMHEN_EHeXsfxlTZQ&edm=ANo9K5cEAAAA&_nc_zt=28&_nc_tpa=Q5bMBQE54gRAfxAO34osYXuSaj-YjTYVyIIYENvVQNCmC4cTOgQqO5SQrMiiwwq0_xB4mMtZfA4RtECqpQ&oh=00_AQCe3W5MyzEVgONhwFqouSfTpWI3dAGYF6rkCaGogSlWeA&oe=6A68FFCB,https://scontent-sjc6-1.cdninstagram.com/v/t51.82787-15/671113976_18096268877120341_148452825475582559_n.jpg?stp=dst-jpg_e35_tt6&_nc_cat=107&ccb=7-5&_nc_sid=18de74&efg=eyJlZmdfdGFnIjoiQ0xJUFMuYmVzdF9pbWFnZV91cmxnZW4uQzMifQ%3D%3D&_nc_ohc=PphW6KzVVjEQ7kNvwHwTfCe&_nc_oc=AdpHlvddHYyp9Gnbnx1Lj3t0lWKTvOWPwS-MdpFjAu7Gi9RiY63Q36BGV_E26nbLAc0&_nc_zt=23&_nc_ht=scontent-sjc6-1.cdninstagram.com&edm=ANo9K5cEAAAA&_nc_gid=OTDKZrMHEN_EHeXsfxlTZQ&_nc_tpa=Q5bMBQGNIW-5ouNNFtxqSHLRBQfL4MWoxHglBae764oO5YCPctPF7Nrh5oLSpI4W-gnbgY3PHpOFKS88Dw&oh=00_AQCx_ZKgjTpxHqK4m8UOs7MewLV7ti2UGOMS9XWECck4IQ&oe=6A6D0942,3,0,,,,
18095253805885742,2026-04-19T11:00:30+0000,"Some properties sit above the market.

Not because of price.
Because of how they’re conceived, delivered, and positioned.

This week was a new property launch in Barbados.

Quietly presented.
Very deliberate.
Clear where it sits.

At this level, the property is only part of it.

The rest is how it’s brought to market —
and who understands that early. 

#BarbadosProperty #BarbadosRealEstate #UltraLuxury #CaribbeanProperty",IMAGE,https://www.instagram.com/p/DXT4_LOF-Hd/,https://scontent-sjc6-1.cdninstagram.com/v/t51.82787-15/670766894_18096166304120341_5560784427144197741_n.jpg?stp=dst-jpg_e35_tt6&_nc_cat=109&ccb=7-5&_nc_sid=18de74&efg=eyJlZmdfdGFnIjoiRkVFRC5iZXN0X2ltYWdlX3VybGdlbi5DMyJ9&_nc_ohc=feDwPpLTWzYQ7kNvwH8_lM5&_nc_oc=AdrX5FLhvOTXDeeNOEEEUcBTEWCs4QebOglBBmrlDlW2g6dfJERjqXNbdlICukKLtgg&_nc_zt=23&_nc_ht=scontent-sjc6-1.cdninstagram.com&edm=ANo9K5cEAAAA&_nc_gid=OTDKZrMHEN_EHeXsfxlTZQ&_nc_tpa=Q5bMBQHfXqlKtTx9s5Q8vQ5oO-UYUIKu5lF32nC96EzzGfym_8qojiUBu6mKSPE88ecvyOgtA5dxmoTJSQ&oh=00_AQA75atq2Gp0v4XDEtEed6Uvp5mBCv-Ysw96lO4PqjAM7Q&oe=6A6D11E1,,19,1,,,,
18096451511327966,2026-04-18T11:00:38+0000,"Private acquisition in Barbados is not transaction-led.

For overseas buyers and intermediaries, access, positioning and execution are shaped through relationships, not listings.

Capital is represented locally, with structure established before engagement.

This is how acquisitions are positioned before entering the market.

#BarbadosProperty #BarbadosRealEstate #PrivateAcquisition
#BuyerRepresentation #Cadrean",VIDEO,https://www.instagram.com/reel/DXRULx_GJ0v/,https://scontent-sjc6-1.cdninstagram.com/o1/v/t2/f2/m86/AQPTEkEB5Go4tCXGLKSYMY71ggx9hDSbB6lGmRJcZJE_mUBRd-_8oDSwJ8HF0rp5cH1aiB3C3AuXYD3gqV9jSmMA4TECYCdsK3mkGkU.mp4?_nc_cat=107&_nc_sid=5e9851&_nc_ht=scontent-sjc6-1.cdninstagram.com&_nc_ohc=uwEiJSePU78Q7kNvwHhKcsA&efg=eyJ2ZW5jb2RlX3RhZyI6Inhwdl9wcm9ncmVzc2l2ZS5JTlNUQUdSQU0uQ0xJUFMuQzMuNzIwLmRhc2hfYmFzZWxpbmVfMV92MSIsInhwdl9hc3NldF9pZCI6MTgwOTYwNjg3MzIxMjAzNDEsImFzc2V0X2FnZV9kYXlzIjo5OSwidmlfdXNlY2FzZV9pZCI6MTAwOTksImR1cmF0aW9uX3MiOjI0LCJ1cmxnZW5fc291cmNlIjoid3d3In0%3D&ccb=17-1&vs=27cbd3600c6ad276&_nc_vs=HBksFQIYUmlnX3hwdl9yZWVsc19wZXJtYW5lbnRfc3JfcHJvZC9EMjRCQUI4QjAwNzg0MDUyQ0REMjdBODgyQTFDQjg4NF92aWRlb19kYXNoaW5pdC5tcDQVAALIARIAFQIYUWlnX3hwdl9wbGFjZW1lbnRfcGVybWFuZW50X3YyL0YzNDFDNDg1OTJBQUVCQUU1MjE1NTgyMDJEMTkwN0E1X2F1ZGlvX2Rhc2hpbml0Lm1wNBUCAsgBEgAoABgAGwKIB3VzZV9vaWwBMRJwcm9ncmVzc2l2ZV9yZWNpcGUBMRUAACaqtN_J6pGlQBUCKAJDMywXQDgQ5WBBiTcYEmRhc2hfYmFzZWxpbmVfMV92MREAdf4HZeadAQA&_nc_gid=OTDKZrMHEN_EHeXsfxlTZQ&edm=ANo9K5cEAAAA&_nc_zt=28&_nc_tpa=Q5bMBQGvty1JmRSgjSCAgYsr7RpankNlDObSEZiirvhLuSFgI_qZi6iwzD5NrO73X6njS0dumeoCVvkekg&oh=00_AQCnIVTgH4jIgZavZfGASGfN6-ogjJ-m01fWXyskHCDYrg&oe=6A68ED14,https://scontent-sjc6-1.cdninstagram.com/v/t51.82787-15/671091430_18096068801120341_6689836474632353675_n.jpg?stp=dst-jpg_e35_tt6&_nc_cat=100&ccb=7-5&_nc_sid=18de74&efg=eyJlZmdfdGFnIjoiQ0xJUFMuYmVzdF9pbWFnZV91cmxnZW4uQzMifQ%3D%3D&_nc_ohc=fGZVpo3CJI8Q7kNvwGlGwwv&_nc_oc=Adp1Aul5G04x6BRrZ1P4XcU28imvAbpezsK3a8SaL9_tAD8IMXW6UPjtZ13JTX7UDjg&_nc_zt=23&_nc_ht=scontent-sjc6-1.cdninstagram.com&edm=ANo9K5cEAAAA&_nc_gid=OTDKZrMHEN_EHeXsfxlTZQ&_nc_tpa=Q5bMBQFxoHexQu8xpuCdIffxDjl9A7szJ-2B9QDQar5v9QsiQdTMa_7kslAkQqwUv2B2NVznG6G8cVhzZA&oh=00_AQDdyDtiBTGAAFq4jHNxEmYfg7nSlrOSZ7r9Gc58m9DdVg&oe=6A6CE95D,9,0,,,,
17975137178857801,2026-04-17T11:02:14+0000,"Resort developments in Barbados offer a simplified ownership model.

This attracts many overseas buyers.

For many, convenience feels like the obvious choice.

However, convenience comes with structure.

Management, rental programmes and usage terms are predefined.

For some buyers, this works well.
For others, it limits flexibility.

This is typically assessed before purchase.

Understanding this before purchase is critical.

#BarbadosRealEstate #BuyerBrief #BarbadosProperty #PropertyStrategy #RealEstateAdvice",VIDEO,https://www.instagram.com/reel/DXOvkQ2CuKG/,https://scontent-sjc3-1.cdninstagram.com/o1/v/t2/f2/m86/AQMh5aOvUyifiVYukcgCu-0omxOH9hQesMEneeZe43mKMWOsMtZvtV7XJhee5sXBBzLm5tnORtkEHUXfJw6tqowS2JfVKpGbOh8OrbY.mp4?_nc_cat=103&_nc_sid=5e9851&_nc_ht=scontent-sjc3-1.cdninstagram.com&_nc_ohc=rlZkCEnwOv4Q7kNvwEhZ2Kd&efg=eyJ2ZW5jb2RlX3RhZyI6Inhwdl9wcm9ncmVzc2l2ZS5JTlNUQUdSQU0uQ0xJUFMuQzMuNzIwLmRhc2hfYmFzZWxpbmVfMV92MSIsInhwdl9hc3NldF9pZCI6MTgwOTU5Njk2NDgxMjAzNDEsImFzc2V0X2FnZV9kYXlzIjoxMDAsInZpX3VzZWNhc2VfaWQiOjEwMDk5LCJkdXJhdGlvbl9zIjoxMSwidXJsZ2VuX3NvdXJjZSI6Ind3dyJ9&ccb=17-1&vs=654590d454cfeec&_nc_vs=HBkcFQIYUmlnX3hwdl9yZWVsc19wZXJtYW5lbnRfc3JfcHJvZC82RjQ4NTU4QTJFNDkyNzNGMDA4NjgzQkVEQTU5NTJBQ192aWRlb19kYXNoaW5pdC5tcDQVAALIARIAKAAYABsCiAd1c2Vfb2lsATEScHJvZ3Jlc3NpdmVfcmVjaXBlATEVAAAmqsjwq4iMpUAVAigCQzMsF0AmVP3ztkWiGBJkYXNoX2Jhc2VsaW5lXzFfdjERAHX-B2XmnQEA&_nc_gid=OTDKZrMHEN_EHeXsfxlTZQ&edm=ANo9K5cEAAAA&_nc_zt=28&_nc_tpa=Q5bMBQHfMX8vXY8E5Lw_zX7OyzhuNrCodd4Ulai5TL61UHYzMV1638Z-YzcZY9ZxYI-0sS2ogfxT9UQDrw&oh=00_AQD0H3PHu_Op4X2Y6hDet3MNTf3dL7g-zldg1TXpejUptg&oe=6A68FFC8,https://scontent-sjc3-1.cdninstagram.com/v/t51.82787-15/670415736_18095969807120341_74169349393151555_n.jpg?stp=dst-jpg_e35_tt6&_nc_cat=110&ccb=7-5&_nc_sid=18de74&efg=eyJlZmdfdGFnIjoiQ0xJUFMuYmVzdF9pbWFnZV91cmxnZW4uQzMifQ%3D%3D&_nc_ohc=YCOKqbHm6zAQ7kNvwHUY-NS&_nc_oc=Adr_6q6KoRB6wLwh8P5AKGs9aMQ3MD7pbhVk14PciuElfv9LxzF0zelnxjDMNoFWfjA&_nc_zt=23&_nc_ht=scontent-sjc3-1.cdninstagram.com&edm=ANo9K5cEAAAA&_nc_gid=OTDKZrMHEN_EHeXsfxlTZQ&_nc_tpa=Q5bMBQGJs54_Me5kzhT7ndXUz3WcBMolmw-1ehWIEpNdZhFmechPI_kEzCpWbYbn4Ow4Tp64pQsEzwKh6A&oh=00_AQBSeSDTnJpMasbGMLasiCN3Ir0jhCQWbvuldU1F8DJRUw&oe=6A6D0252,1,0,,,,
18111858193802561,2026-04-15T12:37:35+0000,"Discretion is not preference. It is a requirement for certain buyers.

Cadrean is the private operating lane.

Same advisory.
Different execution conditions.

Used when identity, structure or timing needs to be protected.

Execution happens quietly. Outcomes remain the focus.

#BarbadosRealEstate #BuyerRepresentation #LuxuryProperty #PrivateClients #RealEstateStrategy",VIDEO,https://www.instagram.com/reel/DXJw44KCgtv/,https://scontent-sjc6-1.cdninstagram.com/o1/v/t2/f2/m86/AQNHjXOwZCJXCi7kL-kqSvaxn92Me8MbQ6orWp0a9a_fs5R2L96RhdSi9D2oT2tk3MTjbf33dfR6s1Ewt4fsmcQ1Ug7cQD_wlKmmBqU.mp4?_nc_cat=111&_nc_sid=5e9851&_nc_ht=scontent-sjc6-1.cdninstagram.com&_nc_ohc=UWLm-nP9OJsQ7kNvwG24F8_&efg=eyJ2ZW5jb2RlX3RhZyI6Inhwdl9wcm9ncmVzc2l2ZS5JTlNUQUdSQU0uQ0xJUFMuQzMuNzIwLmRhc2hfYmFzZWxpbmVfMV92MSIsInhwdl9hc3NldF9pZCI6MTgwOTU3ODAwNTExMjAzNDEsImFzc2V0X2FnZV9kYXlzIjoxMDIsInZpX3VzZWNhc2VfaWQiOjEwMDk5LCJkdXJhdGlvbl9zIjoxMSwidXJsZ2VuX3NvdXJjZSI6Ind3dyJ9&ccb=17-1&vs=f023861a82500543&_nc_vs=HBkcFQIYUmlnX3hwdl9yZWVsc19wZXJtYW5lbnRfc3JfcHJvZC81MDRCOEU3NDc0QUQ0MzYzMkIwMjQ4OTQxNzY3MUQ4NF92aWRlb19kYXNoaW5pdC5tcDQVAALIARIAKAAYABsCiAd1c2Vfb2lsATEScHJvZ3Jlc3NpdmVfcmVjaXBlATEVAAAmqsOL3oOBpUAVAigCQzMsF0AmVP3ztkWiGBJkYXNoX2Jhc2VsaW5lXzFfdjERAHX-B2XmnQEA&_nc_gid=OTDKZrMHEN_EHeXsfxlTZQ&edm=ANo9K5cEAAAA&_nc_zt=28&_nc_tpa=Q5bMBQHaozM05vJN7uJ68vGMxFFb_I7EmKeeFmi9zjvbcrh4xzKX7wZ-_OsUPeG4HHunDZpRGJCHno7bog&oh=00_AQCKIp6pxVi0PbrKR48pjE5-BypxPLRzkwtalKVUI1Svbw&oe=6A68F284,https://scontent-sjc6-1.cdninstagram.com/v/t51.82787-15/671118230_18095780150120341_3409877639896387448_n.jpg?stp=dst-jpg_e35_tt6&_nc_cat=104&ccb=7-5&_nc_sid=18de74&efg=eyJlZmdfdGFnIjoiQ0xJUFMuYmVzdF9pbWFnZV91cmxnZW4uQzMifQ%3D%3D&_nc_ohc=lquEyOvmTNQQ7kNvwFiRnYJ&_nc_oc=AdqR523IOerwU_SkFoe7_TQ2PSdHdcF5TLjVhVpX2zuHyZKAsCt1wFtwwZAO7kLlqus&_nc_zt=23&_nc_ht=scontent-sjc6-1.cdninstagram.com&edm=ANo9K5cEAAAA&_nc_gid=OTDKZrMHEN_EHeXsfxlTZQ&_nc_tpa=Q5bMBQGYQiKEWg_NbAScJPKO471ufrszu8qdssuN_G0-L39DG7nq2WAH5DOGaxI5bNclSQFpbytlyhgo0w&oh=00_AQB7NFDqiS3h50T4TAiiHfaxG5yZNIYlM0rPlgv7jwrNDA&oe=6A6CE06F,2,0,,,,
18013379555687460,2026-04-13T11:22:34+0000,"Most buyers assume buying property and securing residency are the same process.
 They're not.

  In Barbados, ownership and immigration follow separate paths.
 If you don't structure both early, you create friction later.

  We structure property acquisition alongside the right immigration pathway — before decisions are made.

  That's how outcomes stay aligned.

  For family offices, wealth managers, and private clients navigating Barbados, structure comes first.

#BarbadosProperty #FamilyOffice #PrivateBanking #BarbadosRealEstate",VIDEO,https://www.instagram.com/reel/DXEetrqAu5O/,https://scontent-sjc6-1.cdninstagram.com/o1/v/t2/f2/m86/AQNUfbgYcDXkOjw8rUAczHIVXJBpJnZoTxIfm2jW1vQOyDP__kItGTu_4o5YpuGLEBrIvK3Z-A_itN0uvy4X7Awvq-SfwS4MgJKgfek.mp4?_nc_cat=108&_nc_sid=5e9851&_nc_ht=scontent-sjc6-1.cdninstagram.com&_nc_ohc=ggMoteORxZUQ7kNvwGpaJ89&efg=eyJ2ZW5jb2RlX3RhZyI6Inhwdl9wcm9ncmVzc2l2ZS5JTlNUQUdSQU0uQ0xJUFMuQzMuNzIwLmRhc2hfYmFzZWxpbmVfMV92MSIsInhwdl9hc3NldF9pZCI6MTgwOTU1ODUzNTQxMjAzNDEsImFzc2V0X2FnZV9kYXlzIjoxMDQsInZpX3VzZWNhc2VfaWQiOjEwMDk5LCJkdXJhdGlvbl9zIjoxMSwidXJsZ2VuX3NvdXJjZSI6Ind3dyJ9&ccb=17-1&vs=db604625c277b10e&_nc_vs=HBkcFQIYUmlnX3hwdl9yZWVsc19wZXJtYW5lbnRfc3JfcHJvZC84MDRGM0MxMjI2Q0YzRDJBMzQ3MkY2Q0I1RDZBNTJBRV92aWRlb19kYXNoaW5pdC5tcDQVAALIARIAKAAYABsCiAd1c2Vfb2lsATEScHJvZ3Jlc3NpdmVfcmVjaXBlATEVAAAmqvLHkNn1pEAVAigCQzMsF0AmVP3ztkWiGBJkYXNoX2Jhc2VsaW5lXzFfdjERAHX-B2XmnQEA&_nc_gid=OTDKZrMHEN_EHeXsfxlTZQ&edm=ANo9K5cEAAAA&_nc_zt=28&_nc_tpa=Q5bMBQGb3LzstoBOKdxNfYQhvkM5KjIZvRgRHNQuVS5hqcGdqbyshXsUjNfNtQybRDFFV9WR6WgfGdcJ5w&oh=00_AQCux1hmvYdlRatZfSoMZX-MUs-qnTedwhDibfiyYSausQ&oe=6A690619,https://scontent-sjc3-1.cdninstagram.com/v/t51.82787-15/669779086_18095585441120341_907626649527771813_n.jpg?stp=dst-jpg_e35_tt6&_nc_cat=106&ccb=7-5&_nc_sid=18de74&efg=eyJlZmdfdGFnIjoiQ0xJUFMuYmVzdF9pbWFnZV91cmxnZW4uQzMifQ%3D%3D&_nc_ohc=e3N517n8hq8Q7kNvwFfjlL2&_nc_oc=Adp11V76_-URBfCQ3vRlPyeFYPJ0z2oe93eNvxEV6CbwwkS17tvHRWZNBE6QU85fy4E&_nc_zt=23&_nc_ht=scontent-sjc3-1.cdninstagram.com&edm=ANo9K5cEAAAA&_nc_gid=OTDKZrMHEN_EHeXsfxlTZQ&_nc_tpa=Q5bMBQHPoIpVmYq09j45mZ1RCvyfVHDWc9wnWG-26iQm78ZeTka8LER8XQwPBhEtvftJMAZ16HxIG0lZRA&oh=00_AQDyGQ4ix3jV1I7OH_HWG6RGhtCq5WtlopA1ffgsiIi8qg&oe=6A6CF08E,2,0,,,,
17878242063560207,2026-04-12T11:00:22+0000,"Buying property in Barbados is not a search process.

Most buyers start with listings.
In this market, that’s not where the advantage sits.

In Barbados, representation shapes what you see, how you are guided, and how you negotiate.

The buyers who move well here establish representation before they arrive.

Before flights.
Before viewings.
Before decisions.

Because in Barbados, structure does not follow opportunity.

It defines it.

#BarbadosRealEstate #LuxuryProperty #PropertyInvestment #RealEstateStrategy #BarbadosLiving",IMAGE,https://www.instagram.com/p/DXB3aIRF5Ln/,https://scontent-sjc6-1.cdninstagram.com/v/t51.82787-15/669696516_18095485307120341_4423375946407390743_n.jpg?stp=dst-jpg_e35_tt6&_nc_cat=109&ccb=7-5&_nc_sid=18de74&efg=eyJlZmdfdGFnIjoiRkVFRC5iZXN0X2ltYWdlX3VybGdlbi5DMyJ9&_nc_ohc=ygfHvNRjpagQ7kNvwEyLXoa&_nc_oc=AdqI3YpF1c7BlyOfXwiVgCKI7gzyfFFiCoCm63ahwe0baz9W0Z_-eLlcGK6qB92dkww&_nc_zt=23&_nc_ht=scontent-sjc6-1.cdninstagram.com&edm=ANo9K5cEAAAA&_nc_gid=OTDKZrMHEN_EHeXsfxlTZQ&_nc_tpa=Q5bMBQG6WLp6UjM4Trr1F1wdWPqAcCUe8kzasrn_7yetdpr4e42JSFaATF-qiGD8bIXM6LKaaHFAvXlrcA&oh=00_AQDXOrh31IBpG039h-NudDfQPPBvOoVmz8sCHig76rWPOg&oe=6A6CF173,,4,0,,,,
17873736582592162,2026-04-10T11:48:00+0000,"Value in Barbados property is not fixed. It moves — and it moves early.

Pre-construction entry captures the shift before completion. Staged capital keeps your position working for longer.

Early movers are rewarded. Late movers pay for it.

Mike Ashton | Barbados Buyer Advisor

#BarbadosRealEstate #BuyerAdvisor #PreConstruction #WestCoastBarbados",VIDEO,https://www.instagram.com/reel/DW8zPeYDfTB/,https://scontent-sjc6-1.cdninstagram.com/o1/v/t2/f2/m86/AQOYk0KLlp91eOxlpf3xe321QgfCTMEKFnPHla_pwjEypcT7UGKqZRrzbus9d8wtLQd4zryKsw1IrOp2o3qgb6ewvxDiKhc11tRyI7U.mp4?_nc_cat=107&_nc_sid=5e9851&_nc_ht=scontent-sjc6-1.cdninstagram.com&_nc_ohc=OYFlO4FVMAUQ7kNvwEAmfkU&efg=eyJ2ZW5jb2RlX3RhZyI6Inhwdl9wcm9ncmVzc2l2ZS5JTlNUQUdSQU0uQ0xJUFMuQzMuNzIwLmRhc2hfYmFzZWxpbmVfMV92MSIsInhwdl9hc3NldF9pZCI6MTgwOTUyODkwNzQxMjAzNDEsImFzc2V0X2FnZV9kYXlzIjoxMDcsInZpX3VzZWNhc2VfaWQiOjEwMDk5LCJkdXJhdGlvbl9zIjoxNSwidXJsZ2VuX3NvdXJjZSI6Ind3dyJ9&ccb=17-1&vs=512fcfec91dc3aa6&_nc_vs=HBkcFQIYUmlnX3hwdl9yZWVsc19wZXJtYW5lbnRfc3JfcHJvZC85QTRCNDY4RTk0OTM3MkZCQUJEMEJDQjcxRkEwRDhCNl92aWRlb19kYXNoaW5pdC5tcDQVAALIARIAKAAYABsCiAd1c2Vfb2lsATEScHJvZ3Jlc3NpdmVfcmVjaXBlATEVAAAmqtr31bnkpEAVAigCQzMsF0Auu2RaHKwIGBJkYXNoX2Jhc2VsaW5lXzFfdjERAHX-B2XmnQEA&_nc_gid=OTDKZrMHEN_EHeXsfxlTZQ&edm=ANo9K5cEAAAA&_nc_zt=28&_nc_tpa=Q5bMBQHhPxfcEdslh42hDO4uc25fs4VV-zIFVPuebERUPTcDqChQXnuUz3_DXsa-pY0rXdDXDEeTLdrOVA&oh=00_AQByveCjEex2GKSBUSqmjhS8UqSUjeuST3RPAIkBZ3gcTA&oe=6A68F694,https://scontent-sjc3-1.cdninstagram.com/v/t51.82787-15/669715551_18095289191120341_1527211407109016054_n.jpg?stp=dst-jpg_e35_tt6&_nc_cat=105&ccb=7-5&_nc_sid=18de74&efg=eyJlZmdfdGFnIjoiQ0xJUFMuYmVzdF9pbWFnZV91cmxnZW4uQzMifQ%3D%3D&_nc_ohc=x5p_BOjgxqcQ7kNvwEQROYb&_nc_oc=AdrNoeGrYTh1eZ8D3T7EYTWT2WLNT8MuuuYluX7KPzRkLPs2OSEzTzWXcp94s7-_DD4&_nc_zt=23&_nc_ht=scontent-sjc3-1.cdninstagram.com&edm=ANo9K5cEAAAA&_nc_gid=OTDKZrMHEN_EHeXsfxlTZQ&_nc_tpa=Q5bMBQHInbeLoswi_0hv0Ky33y5I_uQWSs2KX3yDyogYtf7BQR4ZE_YJBdfsbRQmDCXewOvv097Ejes3PQ&oh=00_AQBBqzNZ85ui6GEVGInRhonl6cGMIhRqrBZZNh98QqacMQ&oe=6A6CF3C8,3,0,,,,
18100828588780026,2026-04-08T13:53:46+0000,"Development Brief: WestBeach — March 2026.

Majority of the units are now reserved, with all 3-bedroom residences fully allocated.

Limited 2-bedroom inventory remains available for purchase.

Pricing for remaining units starts from approximately $545,000 USD, reflecting recent buyer absorption rather than initial launch positioning.

Early demand has been driven primarily by end-users and lifestyle purchasers, establishing a stable pricing floor.

The acquisition process is structured through reservation, contract, and staged payments through to completion.

Floor plans and financial documentation are available on request.

Direct message for more information. WhatsApp enquiries are welcomed.

—

Mike Ashton | Barbados Buyer Advisor
Independent. Unaligned. Discreet.

#MikeAshton #BarbadosAdvisory #BuySide #PropertySearch #WestBeach #BarbadosRealEstate #CaribbeanProperty #PropertyInvestment #ResidenceBarbados #Cadrean #GlobalProperty",CAROUSEL_ALBUM,https://www.instagram.com/p/DW34EpRl0nH/,https://scontent-sjc6-1.cdninstagram.com/v/t51.82787-15/662261547_18095042084120341_2568504507646377510_n.jpg?stp=dst-jpg_e35_tt6&_nc_cat=101&ccb=7-5&_nc_sid=18de74&efg=eyJlZmdfdGFnIjoiQ0FST1VTRUxfSVRFTS5iZXN0X2ltYWdlX3VybGdlbi5DMyJ9&_nc_ohc=PlOv3yw3NQsQ7kNvwEXj1iZ&_nc_oc=AdpNPY5ccbAUCeJCmYEyWDfngD4vBXud3zyfdGyvcXFd_3Zuybt15IcdKg0OpSgliz4&_nc_zt=23&_nc_ht=scontent-sjc6-1.cdninstagram.com&edm=ANo9K5cEAAAA&_nc_gid=OTDKZrMHEN_EHeXsfxlTZQ&_nc_tpa=Q5bMBQEm9_lICV9LKkZkzbsGBgqVVOMrID4Zm-mEgSfTI_ZpnP2GcgRuVgvzo19W9MmdWXWr1Riulgk_RA&oh=00_AQDA0Tn8gjDQjGBJzHLfIzCF11idQW_nNgl4wwCLKvJuhA&oe=6A6CF1E6,,2,0,,,,
17899706886263580,2026-04-08T11:01:28+0000,"Most buyers in Barbados structure the deal first. Then ask about tax.

By that point, the decisions are already made and the structure is set.

We position tax before purchase — so every decision that follows actually holds.

Mike Ashton | Barbados Buyer Advisor

#BarbadosRealEstate #BuyerAdvisor #PropertyTax #BarbadosProperty",VIDEO,https://www.instagram.com/reel/DW3kVfyj4eM/,https://scontent-sjc6-1.cdninstagram.com/o1/v/t2/f2/m86/AQO8T44RFmFIvlrFEpjfqmjU7y1lrW3YncOQ34HupPu8gay6SUYpVGtDU-CmrQSUatL21U1-tryBnFRBP93CM8N1wcJsj9A5oQBaSkc.mp4?_nc_cat=108&_nc_sid=5e9851&_nc_ht=scontent-sjc6-1.cdninstagram.com&_nc_ohc=uYr1QLT_HL8Q7kNvwHtRaqU&efg=eyJ2ZW5jb2RlX3RhZyI6Inhwdl9wcm9ncmVzc2l2ZS5JTlNUQUdSQU0uQ0xJUFMuQzMuNzIwLmRhc2hfYmFzZWxpbmVfMV92MSIsInhwdl9hc3NldF9pZCI6MTgwOTUwMjc4MDQxMjAzNDEsImFzc2V0X2FnZV9kYXlzIjoxMDksInZpX3VzZWNhc2VfaWQiOjEwMDk5LCJkdXJhdGlvbl9zIjoxNSwidXJsZ2VuX3NvdXJjZSI6Ind3dyJ9&ccb=17-1&vs=7d760d747ce524d3&_nc_vs=HBkcFQIYUmlnX3hwdl9yZWVsc19wZXJtYW5lbnRfc3JfcHJvZC9CRTQ2MkY1MjVGMUU0ODQ5MTkzOEE3NENGRDRGOTFCMV92aWRlb19kYXNoaW5pdC5tcDQVAALIARIAKAAYABsCiAd1c2Vfb2lsATEScHJvZ3Jlc3NpdmVfcmVjaXBlATEVAAAmqpS5h5_VpEAVAigCQzMsF0Auu2RaHKwIGBJkYXNoX2Jhc2VsaW5lXzFfdjERAHX-B2XmnQEA&_nc_gid=OTDKZrMHEN_EHeXsfxlTZQ&edm=ANo9K5cEAAAA&_nc_zt=28&_nc_tpa=Q5bMBQFANQ8q8ZeUv0VUN4DR88iy53t9j_x6gScxs7U3QHveIQ55HR5GBdgO1ie10olnTYZ3mlKREXl32w&oh=00_AQCGxuLJig0QxS-wP0IMcC2UnrLO3eK3WPa02xJq74OyPw&oe=6A68F741,https://scontent-sjc6-1.cdninstagram.com/v/t51.82787-15/659519397_18095027927120341_8251111868471345259_n.jpg?stp=dst-jpg_e35_tt6&_nc_cat=100&ccb=7-5&_nc_sid=18de74&efg=eyJlZmdfdGFnIjoiQ0xJUFMuYmVzdF9pbWFnZV91cmxnZW4uQzMifQ%3D%3D&_nc_ohc=vSqgQE7GlLoQ7kNvwG_rTTB&_nc_oc=AdqzNWGY6cArk93zyEVRSIEXohIz3fWq5MclJTGxBaL5yBtFh6MCC3hG-879kSVC408&_nc_zt=23&_nc_ht=scontent-sjc6-1.cdninstagram.com&edm=ANo9K5cEAAAA&_nc_gid=OTDKZrMHEN_EHeXsfxlTZQ&_nc_tpa=Q5bMBQEyWPP8joL8cgDzp89L1kMiYFuuGNB1xaWLJt3eMM5XNCYk6QbYcDCWnQsys81YlB-jIru0CgfDaA&oh=00_AQAZZwv9QnqzlwDotsbTfF9n974Jn06SIWdmzG0WO0iLjA&oe=6A6CEB79,3,0,,,,
18158639542433715,2026-04-06T15:58:13+0000,"Most buyers start with viewings.

That’s why they see everything
and access nothing.

This was not a viewing.

This was the result of months of curation —
refining location, filtering ownership,
and aligning with what was actually available.

By the time we arrived,
this was already the right fit.

On the West Coast,
access is not open.

It is earned.

#BarbadosRealEstate #WestCoastBarbados #BuyerRepresentation #PropertyAdvisory",IMAGE,https://www.instagram.com/p/DWy8vBCFTnL/,https://scontent-sjc3-1.cdninstagram.com/v/t51.82787-15/659099354_18094872770120341_2049746191065125137_n.jpg?stp=dst-jpg_e35_tt6&_nc_cat=103&ccb=7-5&_nc_sid=18de74&efg=eyJlZmdfdGFnIjoiRkVFRC5iZXN0X2ltYWdlX3VybGdlbi5DMyJ9&_nc_ohc=wqwKJvZieVQQ7kNvwF4xNGl&_nc_oc=Adpc4pmOUUMFYntjhG0zGCQTeWhkI3KepeJTLrXAVbMv4KXSoAQMopoWIeRR8Jgf1KI&_nc_zt=23&_nc_ht=scontent-sjc3-1.cdninstagram.com&edm=ANo9K5cEAAAA&_nc_gid=OTDKZrMHEN_EHeXsfxlTZQ&_nc_tpa=Q5bMBQHiT2aeAd77FwO69uaWmz9KgqQkWhEJOSj4bgYwBBbrLbWyVlzERnTUu01o_ZtI-IwdmuEyxdk3xQ&oh=00_AQCUNZqgaJ3XcNsQMtqyYfFepphZTdFCcBUWt6YijgEaRg&oe=6A6D154C,,7,0,,,,
18104718518498175,2026-04-04T09:11:48+0000,"Buying property in Barbados is not like buying at home.

Most buyers start by searching listings. In Barbados, the process begins earlier.

Representation determines what you see, how you are guided, and how you are positioned in the market.

Before any search begins, the Brief is defined — use, timing, and budget.

This is how serious buyers approach Barbados real estate.

Buyers guide in bio.

#BarbadosRealEstate #BuyingInBarbados #BarbadosProperty #LuxuryPropertyBarbados",VIDEO,https://www.instagram.com/reel/DWtEnWWj0oh/,https://scontent-sjc6-1.cdninstagram.com/o1/v/t2/f2/m86/AQOcgVqtfs1yT2Kz-KvMi_SfipauxjdbfrJ0DJ5nKKnuL9tFp8tjnjwTP2-LOIUMnCoExxlxDIrMmVeU4B6OQDtSXJhpC68I2EcM1sQ.mp4?_nc_cat=101&_nc_sid=5e9851&_nc_ht=scontent-sjc6-1.cdninstagram.com&_nc_ohc=794NOH9OXMUQ7kNvwE3olbi&efg=eyJ2ZW5jb2RlX3RhZyI6Inhwdl9wcm9ncmVzc2l2ZS5JTlNUQUdSQU0uQ0xJUFMuQzMuNzIwLmRhc2hfYmFzZWxpbmVfMV92MSIsInhwdl9hc3NldF9pZCI6MTgwOTQ2NTA2MTExMjAzNDEsImFzc2V0X2FnZV9kYXlzIjoxMTQsInZpX3VzZWNhc2VfaWQiOjEwMDk5LCJkdXJhdGlvbl9zIjoxNSwidXJsZ2VuX3NvdXJjZSI6Ind3dyJ9&ccb=17-1&vs=e4c9f7f7e3981f85&_nc_vs=HBkcFQIYUmlnX3hwdl9yZWVsc19wZXJtYW5lbnRfc3JfcHJvZC9GNzRBRjQ1RkU1MjU4ODMyNjgwNTU5RTM5RjJCQzQ4M192aWRlb19kYXNoaW5pdC5tcDQVAALIARIAKAAYABsCiAd1c2Vfb2lsATEScHJvZ3Jlc3NpdmVfcmVjaXBlATEVAAAmquOV4KS_pEAVAigCQzMsF0Auu2RaHKwIGBJkYXNoX2Jhc2VsaW5lXzFfdjERAHX-B2XmnQEA&_nc_gid=OTDKZrMHEN_EHeXsfxlTZQ&edm=ANo9K5cEAAAA&_nc_zt=28&_nc_tpa=Q5bMBQGyfQlk_fBXZsyIhWDIXH0yYZZqfqNH0TB63hptNHphMHtubc8G4CJHtwIljB6VMnZZKxaJb7bB0A&oh=00_AQBXysgmwL7QC11pnowtPL9Su388rv7crkG2UWb-2kNoZw&oe=6A691EC2,https://scontent-sjc3-1.cdninstagram.com/v/t51.82787-15/659025433_18094650689120341_4981441517904435614_n.jpg?stp=dst-jpg_e35_tt6&_nc_cat=105&ccb=7-5&_nc_sid=18de74&efg=eyJlZmdfdGFnIjoiQ0xJUFMuYmVzdF9pbWFnZV91cmxnZW4uQzMifQ%3D%3D&_nc_ohc=okuB8wZKRY8Q7kNvwGRRXpK&_nc_oc=AdoN4J0CUODb9earLrDNCgbwekdB8eBREX1mNznSMbjy5rBriHMWyMndGNPcnRY2IUM&_nc_zt=23&_nc_ht=scontent-sjc3-1.cdninstagram.com&edm=ANo9K5cEAAAA&_nc_gid=OTDKZrMHEN_EHeXsfxlTZQ&_nc_tpa=Q5bMBQFTpKKI4aYQQ9eDrY7li-AHrSamQtHHhUFU_vWVthYqtUmkd-MDftW841vKAmxhzPIXBkze-8GODw&oh=00_AQCcuR8_v7qi_a54xLG3zWw4LHtk6ata0lG0Pxfwd_IxtQ&oe=6A6CEF22,4,0,,,,
18026325056801949,2026-04-03T13:16:28+0000,"Listings are not the market.

  What you see online is what sellers choose to show.
 The real market moves before it becomes visible.

  Representation determines access.
 Not how widely you search.

#BarbadosRealEstate #LuxuryProperty #PropertyInvestment #CaribbeanRealEstate #BuyersAgent #BarbadosProperty #WealthAdvisory",VIDEO,https://www.instagram.com/reel/DWq7znLFXhU/,https://scontent-sjc6-1.cdninstagram.com/o1/v/t2/f2/m86/AQM3fJZh5gnuRHGkrBIkN9SmXw9xG0TxcwHSZMknyEDRT1S7Big91utI8eRQDcyj8XYybxj3fct3ldD1XL4d5SJIC4mbnrAZhalIfrs.mp4?_nc_cat=109&_nc_sid=5e9851&_nc_ht=scontent-sjc6-1.cdninstagram.com&_nc_ohc=DmQePWZjQTMQ7kNvwEXPbTM&efg=eyJ2ZW5jb2RlX3RhZyI6Inhwdl9wcm9ncmVzc2l2ZS5JTlNUQUdSQU0uQ0xJUFMuQzMuNzIwLmRhc2hfYmFzZWxpbmVfMV92MSIsInhwdl9hc3NldF9pZCI6MTgwOTQ1NjgzOTYxMjAzNDEsImFzc2V0X2FnZV9kYXlzIjoxMTQsInZpX3VzZWNhc2VfaWQiOjEwMDk5LCJkdXJhdGlvbl9zIjoxMywidXJsZ2VuX3NvdXJjZSI6Ind3dyJ9&ccb=17-1&vs=cd5562bf9257042c&_nc_vs=HBkcFQIYUmlnX3hwdl9yZWVsc19wZXJtYW5lbnRfc3JfcHJvZC9CMjRGRTM4QTUwRUU3NDNERkQ5NTYxMEFCQkVERTBCNV92aWRlb19kYXNoaW5pdC5tcDQVAALIARIAKAAYABsCiAd1c2Vfb2lsATEScHJvZ3Jlc3NpdmVfcmVjaXBlATEVAAAmqoTrmcC6pEAVAigCQzMsF0AqVP3ztkWiGBJkYXNoX2Jhc2VsaW5lXzFfdjERAHX-B2XmnQEA&_nc_gid=OTDKZrMHEN_EHeXsfxlTZQ&edm=ANo9K5cEAAAA&_nc_zt=28&_nc_tpa=Q5bMBQHscWiB_dA53Mbj1IwxzkJlzJU_Zi-XKwMHe2ezw7TCriMMG4_xXHfHEcOqZx5rwgPDhniZO-asiw&oh=00_AQB9ZznZlnmZbi_hPdmM6cvDXDHO7-se4O11xzPOIyz6MQ&oe=6A68F80A,https://scontent-sjc3-1.cdninstagram.com/v/t51.82787-15/658163157_18094568489120341_2489389889526047463_n.jpg?stp=dst-jpg_e35_tt6&_nc_cat=103&ccb=7-5&_nc_sid=18de74&efg=eyJlZmdfdGFnIjoiQ0xJUFMuYmVzdF9pbWFnZV91cmxnZW4uQzMifQ%3D%3D&_nc_ohc=0juqYwp_370Q7kNvwGy6KMW&_nc_oc=AdpFdWBapv2GBy2hiuvicGFT4AkZLmeZYB_gOyXjggCnWUSCEeEcGHOSNlc2dZoPoyo&_nc_zt=23&_nc_ht=scontent-sjc3-1.cdninstagram.com&edm=ANo9K5cEAAAA&_nc_gid=OTDKZrMHEN_EHeXsfxlTZQ&_nc_tpa=Q5bMBQFJ6NZXsVW-83dr0UXjijG9RvJM79-o_CfVACwAD_4uKkws5xvkFjW7JByGtTfXjuAtK1OSxu_PYA&oh=00_AQAKdW14VEPZO1Mss3-l9MqNZ-NXQq0EOMfzHJ3I0TaT2A&oe=6A6CFCCE,2,0,,,,
18081996434613076,2026-04-01T17:30:36+0000,"Most buyers in the Barbados property market start with listings. That is the wrong order. Structure precedes search — budget clarity, purpose, timing, and non-negotiables established before a single property is considered. When buyers arrive with that clarity, sellers respond differently.

#BarbadosBuyerAdvisor #Barbados #BarbadosRealEstate #BarbadosBuyer #BarbadosProperty",VIDEO,https://www.instagram.com/reel/DWmPSsBj4rY/,https://scontent-sjc6-1.cdninstagram.com/o1/v/t2/f2/m86/AQOhrzdOFac-jAonYv_hGQRUoWEJmn1NVvkn05URxqkTJkHTRD4NHbDm1C4X1uceSehcpWDmdp3Mwzk6xxJu4g54zG_42H2UR4KcXUE.mp4?_nc_cat=109&_nc_sid=5e9851&_nc_ht=scontent-sjc6-1.cdninstagram.com&_nc_ohc=LBaBSZ968s8Q7kNvwGo2NxG&efg=eyJ2ZW5jb2RlX3RhZyI6Inhwdl9wcm9ncmVzc2l2ZS5JTlNUQUdSQU0uQ0xJUFMuQzMuNzIwLmRhc2hfYmFzZWxpbmVfMV92MSIsInhwdl9hc3NldF9pZCI6MTgwOTQzOTM3NDgxMjAzNDEsImFzc2V0X2FnZV9kYXlzIjoxMTYsInZpX3VzZWNhc2VfaWQiOjEwMDk5LCJkdXJhdGlvbl9zIjoyOSwidXJsZ2VuX3NvdXJjZSI6Ind3dyJ9&ccb=17-1&vs=289f1bae80e85a41&_nc_vs=HBkcFQIYUmlnX3hwdl9yZWVsc19wZXJtYW5lbnRfc3JfcHJvZC9EMzRDOERCRDMwMjY1MkU4QTkyMTY5MUI2MjFGMTc4RV92aWRlb19kYXNoaW5pdC5tcDQVAALIARIAKAAYABsCiAd1c2Vfb2lsATEScHJvZ3Jlc3NpdmVfcmVjaXBlATEVAAAmqozD_KqwpEAVAigCQzMsF0A9qn752yLRGBJkYXNoX2Jhc2VsaW5lXzFfdjERAHX-B2XmnQEA&_nc_gid=OTDKZrMHEN_EHeXsfxlTZQ&edm=ANo9K5cEAAAA&_nc_zt=28&_nc_tpa=Q5bMBQGuG9KvJmLCINgZ6SeiMBPbeYZgYGrUxkQ54kpH7LfBNGRj11dO04mJiaZk5TEw6VocLcrh8BRWMA&oh=00_AQA7X4wsbI2EvliQcjtgEGGTg9rApIA102RjDsB851SRwg&oe=6A690B72,https://scontent-sjc3-1.cdninstagram.com/v/t51.82787-15/658054127_18094393829120341_5334680326895717987_n.jpg?stp=dst-jpg_e35_tt6&_nc_cat=105&ccb=7-5&_nc_sid=18de74&efg=eyJlZmdfdGFnIjoiQ0xJUFMuYmVzdF9pbWFnZV91cmxnZW4uQzMifQ%3D%3D&_nc_ohc=jCQmdQe2ut4Q7kNvwHljunr&_nc_oc=Adr630jH-UOoGxjmJhzEUbYU6ci5nfSY8tC8P71UhyB1QlcHxV3JkJHfkgD_puUo5IE&_nc_zt=23&_nc_ht=scontent-sjc3-1.cdninstagram.com&edm=ANo9K5cEAAAA&_nc_gid=OTDKZrMHEN_EHeXsfxlTZQ&_nc_tpa=Q5bMBQH-Kt3lS4AcOZYO-NcrBlXPd95CUi2BL_KRIWVLrOHVE60CMHqFpxkwASHada8d09vuUYFLo23SeQ&oh=00_AQByaTpS2ztKhOjSoBS--065NTlmosGep2xoXZFczoczJw&oe=6A6D1405,5,0,,,,
18058508924702159,2026-03-31T18:01:30+0000,"True access in private capital deployment is never public. It moves through vetted channels, established relationships, and curated introductions. This is how serious opportunities reach serious principals. This is how the right asset finds its counterparty.

#PrivateWealth #CuratedOpportunity #CapitalIntroduction",IMAGE,https://www.instagram.com/p/DWjuEhuGM_v/,https://scontent-sjc6-1.cdninstagram.com/v/t51.82787-15/657345597_18094297652120341_7224146635503739645_n.jpg?stp=dst-jpg_e35_tt6&_nc_cat=107&ccb=7-5&_nc_sid=18de74&efg=eyJlZmdfdGFnIjoiRkVFRC5iZXN0X2ltYWdlX3VybGdlbi5DMyJ9&_nc_ohc=41NOvxQwjMsQ7kNvwGPpePt&_nc_oc=Adql1RHXdtEEsZdx5lE5eHE2l6IQoq4hfAJ8vd4QMAqKk2r3H9_eT2FMoH8gGEcXwJc&_nc_zt=23&_nc_ht=scontent-sjc6-1.cdninstagram.com&edm=ANo9K5cEAAAA&_nc_gid=OTDKZrMHEN_EHeXsfxlTZQ&_nc_tpa=Q5bMBQFUraJAzvnb6WB3B0HnCdk3Oi3iLVn0sgKdvS3e3eDJ3N8gjGsl6rMMxUevLDFDW7AFgDuJbH_qTw&oh=00_AQCumX_j2vADL1RQ_mdmgo7WfLUOSdIPQTmvtBZqSmDPSA&oe=6A6CF186,,2,0,,,,
18125373019518243,2026-03-30T11:30:19+0000,"Buyers planning for the next 3 to 6 months should already have:

• Funding clarity
• Defined objective
• Representation aligned

Exploratory interest and acquisition intent are different positions.

The Buyers Guide is available via the link in profile. WhatsApp enquiries are welcomed.

#BarbadosProperty #CaribbeanInvestment #LuxuryRealEstate #InternationalBuyers #PropertyStrategy #HighNetWorth #Cadrean #ResidenceBarbados #IslandInvestment #BuyerAdvisory",IMAGE,https://www.instagram.com/p/DWgcfypl97K/,https://scontent-sjc6-1.cdninstagram.com/v/t51.82787-15/658654377_18094170671120341_5827820548748279394_n.jpg?stp=dst-jpg_e35_tt6&_nc_cat=102&ccb=7-5&_nc_sid=18de74&efg=eyJlZmdfdGFnIjoiRkVFRC5iZXN0X2ltYWdlX3VybGdlbi5DMyJ9&_nc_ohc=0OHYAPkb1RwQ7kNvwHNhs45&_nc_oc=AdpaycQxJbr-XQXqZABjC6zKeDN90z3OEIdDCBX456-rDnJVASkl-4OfPR7hFVW8kS0&_nc_zt=23&_nc_ht=scontent-sjc6-1.cdninstagram.com&edm=ANo9K5cEAAAA&_nc_gid=OTDKZrMHEN_EHeXsfxlTZQ&_nc_tpa=Q5bMBQFUiAZYrUy8SSrHrZ8y7mA7hxHbHs7hM-n8DLxrNNqEoZ7xUvFZXHpLpwavjeC9IMJD6G0HUU0qWw&oh=00_AQD8lavHb7h9DnVkAmy1HXzOW1Xt5ORzbnsIRaymTLyy_A&oe=6A6CF9E0,,3,0,,,,
18024032984656166,2026-03-28T11:00:18+0000,"Funds will be registered with the Central Bank by your attorney at the time of transfer.

This protects your ability to repatriate sale proceeds in the future.

Administrative — but critical.

If you’re preparing to transfer funds, message to arrange a call.

The Buyers Guide is available via the link in profile. WhatsApp enquiries are welcomed.

#BarbadosInvestment #ForeignOwnership #CurrencyTransfer #InternationalRealEstate #CaribbeanProperty #LegalProcess #Cadrean #ResidenceBarbados #BarbadosHomes #PropertyPlanning",IMAGE,https://www.instagram.com/p/DWbPeT1F1qX/,https://scontent-sjc6-1.cdninstagram.com/v/t51.82787-15/656792886_18093932093120341_5625441206073290308_n.jpg?stp=dst-jpg_e35_tt6&_nc_cat=102&ccb=7-5&_nc_sid=18de74&efg=eyJlZmdfdGFnIjoiRkVFRC5iZXN0X2ltYWdlX3VybGdlbi5DMyJ9&_nc_ohc=IbhfPmQIHDsQ7kNvwEyuAU4&_nc_oc=AdqDK7wUs-uJG2_dDqL_v8JvHwjswo99y1XdNWRQTfIAK304-C7ekHJh0anktUao4Ts&_nc_zt=23&_nc_ht=scontent-sjc6-1.cdninstagram.com&edm=ANo9K5cEAAAA&_nc_gid=OTDKZrMHEN_EHeXsfxlTZQ&_nc_tpa=Q5bMBQFRkemTtjgm6ccpAPohedomhOt5qOIDyDz6LO1T-Fgf6utY94BM2VdT4Xp5Karv6ds16c64AKwbtA&oh=00_AQAa3PaBlF81BrH8KN2xZQpwCKYPHT98wMMX09W0f-Oy6Q&oe=6A6CE4BC,,2,0,,,,
18109468870830284,2026-03-27T11:35:26+0000,"Most buyers focus on listings. That creates noise, not direction.

The Barbados property market is relationship-driven. Information, positioning, and opportunity often sit within conversations — not just online.

Understanding how the market actually operates changes how buyers are perceived and positioned.

#BarbadosRealEstate #BarbadosProperty #BuyerRepresentation #BarbadosHomes #RealEstateInsights",IMAGE,https://www.instagram.com/p/DWYutzoiQwC/,https://scontent-sjc6-1.cdninstagram.com/v/t51.82787-15/657740735_18093826121120341_2646779491776919634_n.jpg?stp=dst-jpg_e35_tt6&_nc_cat=100&ccb=7-5&_nc_sid=18de74&efg=eyJlZmdfdGFnIjoiRkVFRC5iZXN0X2ltYWdlX3VybGdlbi5DMyJ9&_nc_ohc=aLM-NnrzKUsQ7kNvwFfhx-I&_nc_oc=Ado-j4oG2B89F1pQ8mMA5DyqmRlqLtZHq4XXKczcj9v3mW5yEPRxu7LjDyPCO_Yv1FQ&_nc_zt=23&_nc_ht=scontent-sjc6-1.cdninstagram.com&edm=ANo9K5cEAAAA&_nc_gid=OTDKZrMHEN_EHeXsfxlTZQ&_nc_tpa=Q5bMBQEBkgk-p9taCG7pr1CligEKOrexJGLwmG4isCpmTiUL2OGeruSV_emueKmNulHEhi4whMiF8RUnVQ&oh=00_AQDWaE4W_6fsOam0KQTdu7aReE4VN6TEoKfAg27rb6Q2eQ&oe=6A6D09D5,,42,3,,,,
18081479702065898,2026-03-26T11:00:24+0000,"Barbados places no restrictions on foreign buyers.

However, ownership does not automatically grant residency.

Immigration status is handled separately through formal pathways.

If residency is part of your plan, request a call back to align property and immigration structure.

The Buyers Guide is available via the link in profile. WhatsApp enquiries are welcomed.

#BarbadosResidency #InternationalProperty #CaribbeanLiving #BarbadosRealEstate #RelocationPlanning #GlobalBuyers #Cadrean #ResidenceBarbados #IslandProperty #InvestmentMigration",IMAGE,https://www.instagram.com/p/DWWF47hlx0I/,https://scontent-sjc6-1.cdninstagram.com/v/t51.82787-15/658375117_18093710591120341_686109749418100607_n.jpg?stp=dst-jpg_e35_tt6&_nc_cat=108&ccb=7-5&_nc_sid=18de74&efg=eyJlZmdfdGFnIjoiRkVFRC5iZXN0X2ltYWdlX3VybGdlbi5DMyJ9&_nc_ohc=OSWikVZ1vi0Q7kNvwHlAcnh&_nc_oc=Ado2d_OQpIreh-HqL4VfK4I0ve4eez5SKkChTZW-nMQF6awbmrsKh4UsQq4s0Wp8F7c&_nc_zt=23&_nc_ht=scontent-sjc6-1.cdninstagram.com&edm=ANo9K5cEAAAA&_nc_gid=OTDKZrMHEN_EHeXsfxlTZQ&_nc_tpa=Q5bMBQH75bsRU3zUp5jod3U5REttj0koT1FdWX_V3eLV76d9HA1oXn0maCrsxu2yRgrv_DI05GVE885MjA&oh=00_AQDWr5Dh24gnJp8ZpeIy7wxQ5he_E2ZYnxhE6CsbWVeq3Q&oe=6A6CF303,,1,0,,,,
18038835335569910,2026-03-23T10:45:16+0000,"Managed communities provide order hassle free convenience.

They also include:

• HOA governance
• Rental participation rules
• Usage parameters
• Ongoing fees

Understanding the structure before committing is essential.

The Buyers Guide is available via the link in profile. WhatsApp enquiries are welcomed.

#BarbadosResortLiving #LuxuryCommunity #HOAStructure #CaribbeanRealEstate #PropertyOwnership #InternationalBuyers #Cadrean #ResidenceBarbados #BarbadosHomes #IslandProperty",IMAGE,https://www.instagram.com/p/DWOVxytl1YC/,https://scontent-sjc6-1.cdninstagram.com/v/t51.82787-15/656749790_18093352739120341_3765835799229173972_n.jpg?stp=dst-jpg_e35_tt6&_nc_cat=108&ccb=7-5&_nc_sid=18de74&efg=eyJlZmdfdGFnIjoiRkVFRC5iZXN0X2ltYWdlX3VybGdlbi5DMyJ9&_nc_ohc=4qNDpW4FKUEQ7kNvwHjMZ43&_nc_oc=Ado_L72LXLgzdNgeyVCZvWqOsk4eLoQMxgilsgyrL2QZkdOdvBU2uAPa2dRuz38I4e8&_nc_zt=23&_nc_ht=scontent-sjc6-1.cdninstagram.com&edm=ANo9K5cEAAAA&_nc_gid=OTDKZrMHEN_EHeXsfxlTZQ&_nc_tpa=Q5bMBQGN38GJvrB7L1mI3tNxTnk5nfyv2NHBQdX2ZO6SRU93m03rw7wRX3UOEa7Pu5LmfR-SJqPbe2epNg&oh=00_AQAaUjrKJ_J_HtMSCtXaKw6G5zu8d4bwRqyzuEoj_iLQpQ&oe=6A6D0ED8,,3,0,,,,
18098585171494004,2026-03-21T10:45:17+0000,"South Coast, East Coast, West Coast — each behaves differently in:

• Rental demand
• Resale velocity
• Buyer profile

Location is not only aesthetic.
It is a liquidity decision.

The Buyers Guide is available via the link in profile. WhatsApp enquiries are welcomed.

#WestCoastBarbados #SouthCoastBarbados #EastCoastBarbados #BarbadosInvestment #LuxuryHomes #CaribbeanPropertyMarket #PropertyStrategy #Cadrean #ResidenceBarbados #IslandInvestment",IMAGE,https://www.instagram.com/p/DWJMMLrF6zA/,https://scontent-sjc3-1.cdninstagram.com/v/t51.82787-15/655970696_18093033113120341_3094889531787417066_n.jpg?stp=dst-jpg_e35_tt6&_nc_cat=103&ccb=7-5&_nc_sid=18de74&efg=eyJlZmdfdGFnIjoiRkVFRC5iZXN0X2ltYWdlX3VybGdlbi5DMyJ9&_nc_ohc=9YF6_8yQ_OoQ7kNvwF4ZCXK&_nc_oc=AdoL0oyvPu2Bz5PFtj9tFOaLAyvoRYQE7wuecwjJbopHTJdHW86HyeSA4h1HkQh_gS8&_nc_zt=23&_nc_ht=scontent-sjc3-1.cdninstagram.com&edm=ANo9K5cEAAAA&_nc_gid=OTDKZrMHEN_EHeXsfxlTZQ&_nc_tpa=Q5bMBQGSKVVRkMcupscjokNxAGxBnRS-N2zfSPNcEq3IMkdNvP0dL-SIf3ymOQ-KV706uWSmD-0rK7i32Q&oh=00_AQATor1VEdLdGUj6VLGLepamOiRBzZKZFsA6nfd19JNajw&oe=6A6CFB38,,3,0,,,,
18061413893363684,2026-03-20T17:00:19+0000,"Sandy Lane, Barbados.

Pre-arrival curation for a client visiting later this month.

Serious acquisitions are rarely reactive.
They are structured before travel, refined on the ground, and executed with clarity.

In markets like Sandy Lane, access, discretion, and preparation matter.

Viewings should confirm decisions — not create confusion.

If you are planning to purchase in Barbados in the coming months, begin before you board the flight.

The Buyers Guide is available via the link in profile.
WhatsApp enquiries are welcomed.

#BarbadosRealEstate #BarbadosProperty #SandyLane #SandyLaneBarbados #LuxuryRealEstateBarbados #WestCoastBarbados #HighNetWorth #SecondHomeInvestment #PropertyCuration #BuyerRepresentation #CaribbeanProperty #BarbadosInvestment",IMAGE,https://www.instagram.com/p/DWHST_xF37c/,https://scontent-sjc3-1.cdninstagram.com/v/t51.82787-15/654386390_18092955731120341_4007123134086035846_n.jpg?stp=dst-jpg_e35_tt6&_nc_cat=103&ccb=7-5&_nc_sid=18de74&efg=eyJlZmdfdGFnIjoiRkVFRC5iZXN0X2ltYWdlX3VybGdlbi5DMyJ9&_nc_ohc=hwBA4u9XKwkQ7kNvwEh6-s7&_nc_oc=AdoRZescYEpq99KR2fwQfAta8v1m75K6K38ojgchXY6qjS7QkP00uVqotFMrlurBOJA&_nc_zt=23&_nc_ht=scontent-sjc3-1.cdninstagram.com&edm=ANo9K5cEAAAA&_nc_gid=OTDKZrMHEN_EHeXsfxlTZQ&_nc_tpa=Q5bMBQHZlRaqvZ6z9XBODjFHSZFil-lm0iNyEfDXnswX21NJkYDLgQZmws8cz2wCMFd0ero_ma6KEw6DBw&oh=00_AQAz7M-XgKQGgwa7LP5jfuP_-ponjTQ-SlATfuaMassoyA&oe=6A6CFEB8,,7,1,,,,
17915065857146715,2026-03-19T10:45:18+0000,"A Barbados purchase is a structured legal process.

Title search.
Contract review.
Due diligence.
Registration.

Typical completion: 8–12 weeks.

Understanding the roadmap reduces friction.

The Buyers Guide is available via the link in profile. WhatsApp enquiries are welcomed.

#BarbadosRealEstateProcess #CaribbeanInvestment #PropertyPurchase #InternationalBuyer #LuxuryRealEstate #BuyerAdvisory #Cadrean #ResidenceBarbados #RealEstateGuide #BarbadosProperty",IMAGE,https://www.instagram.com/p/DWECmaTFw-e/,https://scontent-sjc6-1.cdninstagram.com/v/t51.82787-15/654021692_18092815895120341_1781890256896219289_n.jpg?stp=dst-jpg_e35_tt6&_nc_cat=109&ccb=7-5&_nc_sid=18de74&efg=eyJlZmdfdGFnIjoiRkVFRC5iZXN0X2ltYWdlX3VybGdlbi5DMyJ9&_nc_ohc=MsFIuugJNnIQ7kNvwEr0bI8&_nc_oc=AdoKKVTZ2YsVt58QfqbbBqUcnZKDqo0u3SXt6rkpEViV2MCRfHlNALXf8NY5zshyjnw&_nc_zt=23&_nc_ht=scontent-sjc6-1.cdninstagram.com&edm=ANo9K5cEAAAA&_nc_gid=OTDKZrMHEN_EHeXsfxlTZQ&_nc_tpa=Q5bMBQG8gAiTx0DwQrwqQONRyqAeVOziYjK85y4eCGMwlu0c7qihbmnHAAuTQ7VZKKN_KSr2W56DedHsYw&oh=00_AQDWH0CdrsszzIkFulfLRjoozmOyWPB9DCjGW1owCjQdjw&oe=6A6CFD5F,,2,0,,,,
18117415120627941,2026-03-17T10:45:16+0000,"Defined funding strengthens negotiation.

Clarified capital signals seriousness.
Undefined funding slows transactions and choice.

Buyers who align structure early experience smoother cooperation across agencies.

If you are within 3–12 months of purchasing, refer to the Buyers Guide via the link in profile. WhatsApp enquiries are welcomed.

#BarbadosPropertyMarket #LuxuryInvestment #BuyerReadiness #CaribbeanProperty #HighNetWorth #PropertyStrategy #Cadrean #ResidenceBarbados #GlobalBuyers #RealEstatePlanning",IMAGE,https://www.instagram.com/p/DV-5AkJl3Iz/,https://scontent-sjc3-1.cdninstagram.com/v/t51.82787-15/653055921_18092620985120341_8480865355650952651_n.jpg?stp=dst-jpg_e35_tt6&_nc_cat=105&ccb=7-5&_nc_sid=18de74&efg=eyJlZmdfdGFnIjoiRkVFRC5iZXN0X2ltYWdlX3VybGdlbi5DMyJ9&_nc_ohc=n_2wxYVs0UYQ7kNvwF_9188&_nc_oc=Adokd6xLAQNlZKB_5ULCy3ERHzBnzTv_-ETvrd_Cw9NemmzfezcIIbR4mN3eU5sF0sA&_nc_zt=23&_nc_ht=scontent-sjc3-1.cdninstagram.com&edm=ANo9K5cEAAAA&_nc_gid=OTDKZrMHEN_EHeXsfxlTZQ&_nc_tpa=Q5bMBQEsr6hJxTVbqVfBWyQJ8G6Lj9AMlgXX-STOZH0FaLopvtxE9gvQGslUNhVz-bnoSS3j6NItl_Sqcw&oh=00_AQBpGMX7GldFG4vC_yHHB719iDLYNVOpPCZreFSBVBXYLw&oe=6A6CFFDD,,3,0,,,,
18571902397014847,2026-03-15T10:45:16+0000,"In established Barbados segments, substantial discounting is uncommon.

Well-positioned properties transact within a narrow range of fair value.

Searching beyond budget expecting to negotiate down rarely produces advantage.

Understand pricing behaviour before entering negotiation.

The Buyers Guide is available via the link in profile. WhatsApp enquiries are welcomed.

#LuxuryPropertyBarbados #BarbadosMarket #RealEstateNegotiation #InternationalProperty #CaribbeanInvestment #PropertyAdvice #Cadrean #ResidenceBarbados #BarbadosHomes #AcquisitionStrategy",IMAGE,https://www.instagram.com/p/DV5va4MFw8_/,https://scontent-sjc6-1.cdninstagram.com/v/t51.82787-15/650072054_18092427533120341_6706659457950987246_n.jpg?stp=dst-jpg_e35_tt6&_nc_cat=107&ccb=7-5&_nc_sid=18de74&efg=eyJlZmdfdGFnIjoiRkVFRC5iZXN0X2ltYWdlX3VybGdlbi5DMyJ9&_nc_ohc=B2mYQ-7Fxh8Q7kNvwEE2wmg&_nc_oc=AdqVuGx8dcZoz4z-cxuGhHoi9gkL6R2LeilgEvZ55-Qu3CY9UKDh8iRSk7aqy0f9bWo&_nc_zt=23&_nc_ht=scontent-sjc6-1.cdninstagram.com&edm=ANo9K5cEAAAA&_nc_gid=OTDKZrMHEN_EHeXsfxlTZQ&_nc_tpa=Q5bMBQG6e5ElVWFdMjllhBBrbfas983U2UI6NbeSiCove3d6ueNBfUHR18exwjOGHfn6-bBaoRNT3N15NA&oh=00_AQCZi5KqWAGI7Lk_nt5VGPjuHsznCcBHp_PWFOf3kTs2Qw&oe=6A6D121F,,2,0,,,,
18096420359064753,2026-03-13T17:00:24+0000,"Orientation at the Pendry Residences.

Barbados luxury real estate continues to mature — not just in design, but in operational structure and buyer profile.

Waterfront ownership here is not interchangeable.
Marina positioning, management structure, rental strategy, and long-term liquidity differ materially from standalone coastal villas.

Serious buyers look beyond finish and focus on stewardship.

If you are considering branded or marina-front ownership in Barbados, refer to the Buyers Guide via the link in profile. WhatsApp enquiries are welcomed.

#BarbadosRealEstate #BarbadosProperty #LuxuryRealEstateBarbados #PendryResidences #MarinaLiving #WaterfrontProperty #BrandedResidences #CaribbeanProperty #BarbadosInvestment #HighNetWorth #PropertyStewardship #SecondHomeInvestment #BarbadosLifestyle",IMAGE,https://www.instagram.com/p/DV1QwiBF-i0/,https://scontent-sjc6-1.cdninstagram.com/v/t51.82787-15/652047891_18092193278120341_666956009907227696_n.jpg?stp=dst-jpg_e35_tt6&_nc_cat=107&ccb=7-5&_nc_sid=18de74&efg=eyJlZmdfdGFnIjoiRkVFRC5iZXN0X2ltYWdlX3VybGdlbi5DMyJ9&_nc_ohc=KOztCYrvO8gQ7kNvwEn6ntc&_nc_oc=Adp03Sp8GYtk5rhZ3v0aCK_MfTmKdvkPm4Hl63XphEZlf5sgkvkLwmW05-nbyc5Hr6w&_nc_zt=23&_nc_ht=scontent-sjc6-1.cdninstagram.com&edm=ANo9K5cEAAAA&_nc_gid=OTDKZrMHEN_EHeXsfxlTZQ&_nc_tpa=Q5bMBQHifARtvOYFqEs7YrfrO--ZbsWcsO0lRo5-WANL_rDSzXiPeqBt8RwoIdQ8rKJ6-oAjVsMbhFj6nQ&oh=00_AQCmN7xjEAgoyowmLfIgxngF8mqRuc-Av8sP8E8yxPW3Cg&oe=6A6CE2C6,,6,0,,,,
17879339538484416,2026-03-13T10:45:17+0000,"Many Barbados properties operate within rental programmes.

Viewings often need to be scheduled:

• Between bookings
• On changeover days
• Outside peak occupancy

Occupants are paying guests — not vendors.

Buyers who clarify funding and timeline are prioritized.

The Buyers Guide is available via the link in profile. WhatsApp enquiries are welcomed.

#BarbadosLuxury #CaribbeanHomes #BarbadosInvesting #PropertyPlanning #InternationalRealEstate #LuxuryAcquisition #Cadrean #ResidenceBarbados #IslandProperty",IMAGE,https://www.instagram.com/p/DV0l1JRFyuG/,https://scontent-sjc3-1.cdninstagram.com/v/t51.82787-15/652015873_18092161979120341_5205740437917265594_n.jpg?stp=dst-jpg_e35_tt6&_nc_cat=110&ccb=7-5&_nc_sid=18de74&efg=eyJlZmdfdGFnIjoiRkVFRC5iZXN0X2ltYWdlX3VybGdlbi5DMyJ9&_nc_ohc=6ExszXhDzGoQ7kNvwGgv6JI&_nc_oc=AdoYkfXGrEYhowAOerMxN2C_ukFJw-VcemD9DW7sSxoSBdXf_PGRf7OQUMaqnTyfC0U&_nc_zt=23&_nc_ht=scontent-sjc3-1.cdninstagram.com&edm=ANo9K5cEAAAA&_nc_gid=OTDKZrMHEN_EHeXsfxlTZQ&_nc_tpa=Q5bMBQHbW15Dhzd9YaeytqxERML5LHgJRGsJKxgB8TuoyaLMUtULyxgF_rUl-EytZxfiyH9UtmRGWVqbZQ&oh=00_AQBvrgV1jJ_5Hx4M6FxhgdmN0wmbDCSf5AEt5a9zFXAK5w&oe=6A6CF325,,3,0,,,,
18145857988479905,2026-03-11T10:45:16+0000,"A significant proportion of Barbados properties are:

• Second homes
• Long-term lifestyle assets
• Income-producing rentals

Many owners are financially comfortable holding.

Expecting distress-led pricing rarely aligns with market reality.

The Buyers Guide is available via the link in profile. WhatsApp enquiries are welcomed.

#BarbadosInvestment #CaribbeanRealEstate #PropertyAcquisition #LuxuryRealEstate #BarbadosLife #RealEstateStrategy #InternationalBuyers #Cadrean #ResidenceBarbados #PropertyMarket",IMAGE,https://www.instagram.com/p/DVvcPYsl1CV/,https://scontent-sjc6-1.cdninstagram.com/v/t51.82787-15/650975670_18091911356120341_4181801868610102972_n.jpg?stp=dst-jpg_e35_tt6&_nc_cat=104&ccb=7-5&_nc_sid=18de74&efg=eyJlZmdfdGFnIjoiRkVFRC5iZXN0X2ltYWdlX3VybGdlbi5DMyJ9&_nc_ohc=0LLlqdv6EaMQ7kNvwHTUJ1x&_nc_oc=Ado1zYtW5JBnI1df0EJ0dIti07x7ZGYYM3yMX9EL7hDqN9MBhM1xulw0Gz7cRrzpigc&_nc_zt=23&_nc_ht=scontent-sjc6-1.cdninstagram.com&edm=ANo9K5cEAAAA&_nc_gid=OTDKZrMHEN_EHeXsfxlTZQ&_nc_tpa=Q5bMBQF9tLBTSBV2CcR2rgzKjp5MeK2YcgGiKPvI8RHRpVpa2FaGRHwOiVobPd7enILj6XMyB-_ptCyYCA&oh=00_AQAMcTJcLmyE44vR4H6HupFGt-ehP-RrBL1ts-aK4PBunA&oe=6A6CFE3F,,1,0,,,,
17985889604955849,2026-03-09T10:45:17+0000,"Barbados does not operate under a single centralized listing system.

Inventory sits across multiple agencies.
Many properties are rented.
Most sellers are represented.

Unstructured browsing often leads to duplication, confusion and weakened positioning.

If you are actively reviewing property in Barbados, the sequence matters more than the volume.

The Buyers Guide is available via the link in profile. WhatsApp enquiries are welcomed.

#BarbadosProperty #BarbadosRealEstate #CaribbeanProperty #InternationalProperty #LuxuryPropertyBarbados #BuyerRepresentation #PropertyStrategy #Cadrean #ResidenceBarbados #BarbadosHomes",IMAGE,https://www.instagram.com/p/DVqSpjol0BC/,https://scontent-sjc6-1.cdninstagram.com/v/t51.82787-15/649251553_18091678289120341_819504627718865249_n.jpg?stp=dst-jpg_e35_tt6&_nc_cat=108&ccb=7-5&_nc_sid=18de74&efg=eyJlZmdfdGFnIjoiRkVFRC5iZXN0X2ltYWdlX3VybGdlbi5DMyJ9&_nc_ohc=fA9oDfvfYpQQ7kNvwEM00Wo&_nc_oc=AdqlWd67UBHB5pLVNKyr7t5Hdn0CKeTYzy8YZf8Tv4mmTIduGfS14BqR4DFuBQBRCuI&_nc_zt=23&_nc_ht=scontent-sjc6-1.cdninstagram.com&edm=ANo9K5cEAAAA&_nc_gid=OTDKZrMHEN_EHeXsfxlTZQ&_nc_tpa=Q5bMBQHdydAG2jGNEM2-agzmytTj68st51NMvBXu4K0G9AxEgMn1M79lNZY1gMCbMzOIUy9il2cs2EPyIA&oh=00_AQC1OHe_davDsUwlNCwj6eMMDNCd0dpoVqxzg_gfSjUAYQ&oe=6A6CF231,,1,0,,,,
18414832240193121,2026-03-06T16:40:17+0000,"Polo weekend in Barbados.

In smaller, relationship-driven markets, access rarely begins with listings.
It begins with context.

Conversations here are long-term.
Ownership decisions follow trust, not urgency.

Serious buyers understand that representation is established before negotiation begins.

If you are planning to purchase in Barbados in the next 3–6 months, start with structure.

The Buyers Guide is available via the link in profile. WhatsApp enquiries are welcomed. 

#BarbadosRealEstate #BarbadosProperty #BarbadosLifestyle #LuxuryRealEstateBarbados #PoloLife #BuyerRepresentation",IMAGE,https://www.instagram.com/p/DVjM5IBF_UW/,https://scontent-sjc6-1.cdninstagram.com/v/t51.82787-15/646035741_18091391648120341_4809766194393562218_n.jpg?stp=dst-jpg_e35_tt6&_nc_cat=100&ccb=7-5&_nc_sid=18de74&efg=eyJlZmdfdGFnIjoiRkVFRC5iZXN0X2ltYWdlX3VybGdlbi5DMyJ9&_nc_ohc=bcSmCjppjKIQ7kNvwH2l0ZR&_nc_oc=Adr30zN_YPXcBx7GFKKcxSVbQXe30zuxMpabx-rCq6ldRUunCX3SazRYbcO6hVXkhik&_nc_zt=23&_nc_ht=scontent-sjc6-1.cdninstagram.com&edm=ANo9K5cEAAAA&_nc_gid=OTDKZrMHEN_EHeXsfxlTZQ&_nc_tpa=Q5bMBQFnN49qSgcxMlH1bjxuqKIa9FGAmu6u_8TEfsQifVBlWE1XuRQtD1vVh_A7aBerBLs0By4e-qvTiw&oh=00_AQDY2V6W7lDapllFfDFzEVsSzgSZ3JxuaPRbKRhBbPG1AQ&oe=6A6CFF91,,8,0,,,,
18017254220819912,2026-03-05T10:46:05+0000,"Purpose drives positioning. Positioning drives outcome.

Before selecting property in Barbados, define the reason for acquisition.

Buyer’s Guide available in bio.

#BuyersAgent #BarbadosRealEstate #BarbadosSecondHome #BarbadosInvestmentProperty",CAROUSEL_ALBUM,https://www.instagram.com/p/DVf_kNNFz7H/,https://scontent-sjc6-1.cdninstagram.com/v/t51.82787-15/645835716_18091260737120341_6850242034815264592_n.jpg?stp=dst-jpg_e35_tt6&_nc_cat=107&ccb=7-5&_nc_sid=18de74&efg=eyJlZmdfdGFnIjoiQ0FST1VTRUxfSVRFTS5iZXN0X2ltYWdlX3VybGdlbi5DMyJ9&_nc_ohc=S7KGKcj4TeAQ7kNvwHN2i4w&_nc_oc=AdouMedMFy-E8zi5IczJ-Cu8q9ARVufkV-1Vw6cy_GlpeN6ubOCNNEw5JlyBLZwjxKM&_nc_zt=23&_nc_ht=scontent-sjc6-1.cdninstagram.com&edm=ANo9K5cEAAAA&_nc_gid=OTDKZrMHEN_EHeXsfxlTZQ&_nc_tpa=Q5bMBQGBd_LQcZ4_2b5YI-3vGJaZZj2XBa9WrAQxQohOD-VLoOml_6x0lm-Y-U1poQiAUdiei1kPE9Hk4A&oh=00_AQDIcnusYdBlqEG0H1_2MErEGO6KAzoKr_dyDiQfs9mJ_A&oe=6A6CE7C9,,2,0,,,,
17992418654924042,2026-03-03T10:46:04+0000,"A search is only as strong as its access. Structured buyer representation expands visibility across the Barbados property market.

Begin with positioning.

#BarbadosRealEstate #BarbadosPropertySearch #BuyerRepresentation",CAROUSEL_ALBUM,https://www.instagram.com/p/DVa1-YBl1n6/,https://scontent-sjc6-1.cdninstagram.com/v/t51.82787-15/645703297_18091079465120341_1984686085365058878_n.jpg?stp=dst-jpg_e35_tt6&_nc_cat=109&ccb=7-5&_nc_sid=18de74&efg=eyJlZmdfdGFnIjoiQ0FST1VTRUxfSVRFTS5iZXN0X2ltYWdlX3VybGdlbi5DMyJ9&_nc_ohc=C98aGMAph3kQ7kNvwEr7P8x&_nc_oc=AdqQcI38DL44WR5GBwtkmvuqx3qFcmq0yMWPpTYjR7ZKn9VPISWLieKk8O1kfXs2GJ4&_nc_zt=23&_nc_ht=scontent-sjc6-1.cdninstagram.com&edm=ANo9K5cEAAAA&_nc_gid=OTDKZrMHEN_EHeXsfxlTZQ&_nc_tpa=Q5bMBQF_7A1Z36omcJ2OWlW2OE6zfOjIcrT0bcGpZEKhfGbh4LoJo-IRBTMAXHyR9gSHTVmz38KourOuIQ&oh=00_AQClnhACYb30J8j__iS_nKoUbnKoeTTl5cB7T_nfHkz3Nw&oe=6A6CE82C,,4,0,,,,
18069678479234746,2026-03-01T13:55:00+0000,"It is human nature to view properties just above budget and hope negotiation closes the gap. In Barbados, seller motivation often differs from domestic markets.;

Structure your search accordingly.

#BuyersAgent #BarbadosRealEstate #BuyingPropertyInBarbados",CAROUSEL_ALBUM,https://www.instagram.com/p/DVWCAbQF_w1/,https://scontent-sjc3-1.cdninstagram.com/v/t51.82787-15/645705299_18090910181120341_4934428100246802241_n.jpg?stp=dst-jpg_e35_tt6&_nc_cat=103&ccb=7-5&_nc_sid=18de74&efg=eyJlZmdfdGFnIjoiQ0FST1VTRUxfSVRFTS5iZXN0X2ltYWdlX3VybGdlbi5DMyJ9&_nc_ohc=T4w1mgISNloQ7kNvwElcCjD&_nc_oc=Adrrb8EBlMiiVTkPhcl_tvdNp_tiogiGPQNQh_YBW34_h9aiFdB8TgAjgglBJxhx1yg&_nc_zt=23&_nc_ht=scontent-sjc3-1.cdninstagram.com&edm=ANo9K5cEAAAA&_nc_gid=OTDKZrMHEN_EHeXsfxlTZQ&_nc_tpa=Q5bMBQHQlLOjNq4D8XEnXmmbPa1UQyR3MqgDAj1wwx7XpOGuErFwlWNuVcQ5eNaQuml6-vQKvwE2Pmbiyw&oh=00_AQAOJTPBrTGjMUFIE9r7n69IErG3aIyK9BnZiTpscynCAQ&oe=6A6CFD2A,,3,0,,,,
17920110672261285,2026-02-28T13:10:02+0000,"Apes Hill, Barbados.

Time on the ground matters.

Elevation, drainage, orientation, surrounding build quality and long-term context cannot be assessed from plans alone.

Capital decisions at this level require physical inspection and measured analysis.

Buyer-side representation begins well before a property is ever shortlisted.

#Cadrean #BuyerAdvisor #BuyerSideOnly #StrategicAcquisition #BarbadosAdvisory",IMAGE,https://www.instagram.com/p/DVTYHBfgJYu/,https://scontent-sjc6-1.cdninstagram.com/v/t51.82787-15/642752443_18090814601120341_6889460053826510893_n.heic?stp=dst-jpg_e35_tt6&_nc_cat=104&ccb=7-5&_nc_sid=18de74&efg=eyJlZmdfdGFnIjoiRkVFRC5iZXN0X2ltYWdlX3VybGdlbi5DMyJ9&_nc_ohc=UNiShLkJAh4Q7kNvwF8Aoss&_nc_oc=AdomnF9b5m9Ps8rfP4pOJP96V7ZGA1z59YGygCx4a1kYc1Nm0ZFiOadqrjsrRYCi9l0&_nc_zt=23&_nc_ht=scontent-sjc6-1.cdninstagram.com&edm=ANo9K5cEAAAA&_nc_gid=OTDKZrMHEN_EHeXsfxlTZQ&_nc_tpa=Q5bMBQETGIAy9kq_TlcNwopYOVUU7P90h2CHLHRM2MgGe21tE8TTfO7SPShItMgFP_zc1632k66hrzF0ig&oh=00_AQDj_faXlBxVVGupS9YbqpbaRU8XX9oTIiYbpO7V0u5DTg&oe=6A6D0361,,8,0,,,,
18059542715679545,2026-02-27T12:10:02+0000,"Buyers sometimes approach Barbados property as if every seller is motivated. That is not always the case in a destination market.

Structure your negotiation around reality, not assumption.

#BarbadosRealEstate #BuyersAgent #BarbadosProperty #BuyingInBarbados #PropertyStrategy",CAROUSEL_ALBUM,https://www.instagram.com/p/DVQsZyEF3Fk/,https://scontent-sjc3-1.cdninstagram.com/v/t51.82787-15/643027680_18090722636120341_5898624407279826957_n.jpg?stp=dst-jpg_e35_tt6&_nc_cat=103&ccb=7-5&_nc_sid=18de74&efg=eyJlZmdfdGFnIjoiQ0FST1VTRUxfSVRFTS5iZXN0X2ltYWdlX3VybGdlbi5DMyJ9&_nc_ohc=Ur75TAbrShMQ7kNvwFC45m5&_nc_oc=AdqO0Z-6xNEMNAxmguypmHrpc2lqT6gyT2CTfza3Mt1MX8RXPItaL8rxOfhUSNZV3n8&_nc_zt=23&_nc_ht=scontent-sjc3-1.cdninstagram.com&edm=ANo9K5cEAAAA&_nc_gid=OTDKZrMHEN_EHeXsfxlTZQ&_nc_tpa=Q5bMBQFAlXr_-iHXfy6BFSVkPPeO-8MGDB6MJCvoV6cMhvonZ9Tm1S068Rlo6e8jbJlZAs2KOgqcM4C9pQ&oh=00_AQAsk9rNSFraqCIJHecCZ7TekRJYt1wvCaI0aXwLUtmzEQ&oe=6A6CE000,,5,0,,,,
18107498860744579,2026-02-25T19:17:03+0000,"Before arriving in Barbados to view property, clarify how you are represented. 

Structured buyer-side advisory means collaborating across the full agency and developer network with your interests aligned from the outset.

Access the Barbados Buyer’s Guide via the link in our bio.

#BuyingPropertyInBarbados #BarbadosRealEstate #BuyerAdvisor",CAROUSEL_ALBUM,https://www.instagram.com/p/DVMTroUlw7X/,https://scontent-sjc6-1.cdninstagram.com/v/t51.82787-15/642077276_18090578078120341_4140307792024095919_n.jpg?stp=dst-jpg_e35_tt6&_nc_cat=100&ccb=7-5&_nc_sid=18de74&efg=eyJlZmdfdGFnIjoiQ0FST1VTRUxfSVRFTS5iZXN0X2ltYWdlX3VybGdlbi5DMyJ9&_nc_ohc=aBqThO7cnfEQ7kNvwFJOlrn&_nc_oc=AdrCXm5oAXNJ9Fsv3JoQRAtbDf4FS0C1i0-C0aOzEKebVHhC9GyR-duS8bK1J6Bu2xk&_nc_zt=23&_nc_ht=scontent-sjc6-1.cdninstagram.com&edm=ANo9K5cEAAAA&_nc_gid=OTDKZrMHEN_EHeXsfxlTZQ&_nc_tpa=Q5bMBQFn2asjyT_uunVyi9Ir18cqzGYsXT9elYOiIBlHq2YqbDPbdLvEY7sphzonKcGZXCZ87Ry1v9HQxQ&oh=00_AQC1IX-W73Ve4TTS5BFaxIegB3zU8-lquC0fHWFYEePu_Q&oe=6A6D0257,,4,0,,,,
17870363913458038,2026-02-23T13:31:14+0000,"For clarity: this is one advisory business operating through two routes to market.

Residence Barbados serves individual buyers publicly.
Cadrean supports private and institutional introductions.

The representation standard remains the same.

Positioning always comes before property tours.

#BarbadosRealEstate #BarbadosProperty #BuyerAdvisor #BuyingPropertyInBarbados",CAROUSEL_ALBUM,https://www.instagram.com/p/DVGihGUF645/,https://scontent-sjc6-1.cdninstagram.com/v/t51.82787-15/641048484_18090370964120341_8809169366115779336_n.jpg?stp=dst-jpg_e35_tt6&_nc_cat=111&ccb=7-5&_nc_sid=18de74&efg=eyJlZmdfdGFnIjoiQ0FST1VTRUxfSVRFTS5iZXN0X2ltYWdlX3VybGdlbi5DMyJ9&_nc_ohc=Cosbb-7-NEIQ7kNvwHn8vcc&_nc_oc=AdoBK8tJSEIWu8e1gIC5_siT2ym2ynBFLVtofTzurlXbssnRTeODOWXC5Mzm95uVu5M&_nc_zt=23&_nc_ht=scontent-sjc6-1.cdninstagram.com&edm=ANo9K5cEAAAA&_nc_gid=OTDKZrMHEN_EHeXsfxlTZQ&_nc_tpa=Q5bMBQGV_jH0-vHCN_PwLrWHBqqM7ddki_dHrsr3ke9NX_SzQNNwsYwy2QYioWyzr6X9Bh8-VrwWKMn5sA&oh=00_AQDWU_TYh1yo9UdF3nxKEpurZFxkNT0hiVCveh6sXfBNkA&oe=6A6CE65F,,6,0,,,,
18564929341055359,2026-02-21T13:00:20+0000,"Acquisition is rarely the complexity. 

Structure is.

Ownership vehicles.
Banking coordination.
Legal sequencing.
Tax alignment across jurisdictions.
Long-term governance.

Purchasing is one step inside a much larger framework.

One point of contact. Total oversight.

For private advisory conversations, contact directly. 

#MikeAshton #BarbadosAdvisory #BuySide #PropertySearch #StJames",IMAGE,https://www.instagram.com/p/DVBVY3XlxUF/,https://scontent-sjc6-1.cdninstagram.com/v/t51.82787-15/639819884_18090196727120341_1465967114252036834_n.jpg?stp=dst-jpg_e35_tt6&_nc_cat=108&ccb=7-5&_nc_sid=18de74&efg=eyJlZmdfdGFnIjoiRkVFRC5iZXN0X2ltYWdlX3VybGdlbi5DMyJ9&_nc_ohc=s-ypsGzD0CQQ7kNvwExsFBZ&_nc_oc=AdqqU_DSJLM2rspepudQIkgjt6OXCActTu2yhrpEGyj5TjFrNUDQdDHNBg288dAXF9Q&_nc_zt=23&_nc_ht=scontent-sjc6-1.cdninstagram.com&edm=ANo9K5cEAAAA&_nc_gid=OTDKZrMHEN_EHeXsfxlTZQ&_nc_tpa=Q5bMBQGfZaM3vWv1Um03t-TCxiMgChtglr-qs2P-nuFSujk5itWGUmO3qbG5KWrujtAA1E-CeV9oW2d58g&oh=00_AQAxEouOGbqEEEAlj6hfTWFcYYL7YfqTWwQvI5ofOduk9A&oe=6A6CF48C,,2,0,,,,
18094544131960744,2026-02-20T19:50:48+0000,"Property Curation Sandy Lane Estate

In March, my clients will arrive in Barbados for ten days.

Only one of those days has been planned for viewings.

The brief was agreed weeks ago, location, budget, acquisition criteria. That clarity allows me to curate properly. By the time they board their flight, the shortlist is already defined, the viewings confirmed.

This home on the Sandy Lane Estate is one of a small number selected for its position within the estate and Sandy Lane Beach Club on the West Coast of Barbados.

The rest of their time here is spent with family. When one day has to count, preparation is not optional.

Due diligence is the secret to making a good decision.

Cadrean represents buyers only in Barbados property sales.

-

Mike Ashton | Barbados Buyer Advisor 
Independent. Unaligned. Discreet. 

#BarbadosBuyerAdvisor #Cadrean #BarbadosRealEstate #BuyersAgent",IMAGE,https://www.instagram.com/p/DU_fm5bieBM/,https://scontent-sjc3-1.cdninstagram.com/v/t51.82787-15/634157553_18090135314120341_1151528537565134379_n.heic?stp=dst-jpg_e35_tt6&_nc_cat=106&ccb=7-5&_nc_sid=18de74&efg=eyJlZmdfdGFnIjoiRkVFRC5iZXN0X2ltYWdlX3VybGdlbi5DMyJ9&_nc_ohc=vsb4TDWABvAQ7kNvwEEGRYU&_nc_oc=AdpI20tAwYcxSVCobiaGioL2SRlyuXBU-YruAJszUuu2ZnUJZqREcuPyi7c9RRAnEUE&_nc_zt=23&_nc_ht=scontent-sjc3-1.cdninstagram.com&edm=ANo9K5cEAAAA&_nc_gid=OTDKZrMHEN_EHeXsfxlTZQ&_nc_tpa=Q5bMBQEtApOoMC1H0NrHlL8mNr-qRtvCTNNvmLHfZRTlHYPvsF0MG6KeLPj9ni-pagBg42k3i8pzEBx0-g&oh=00_AQColFb6YQ6RNXFmDk4BghpDLt1QTFhuHpbqQQCHEDrkLw&oe=6A6CE059,,33,2,,,,
17848888869685129,2026-02-20T14:00:22+0000,"In a world of ""Fast Real Estate,"" there is significant value in a measured approach. The goal is ""Right,"" not ""Right Now.""

We quietly monitor the market, ensuring that when the perfect alignment of price and property appears, we are ready to move. By maintaining a patient, professional stance, we ensure our clients never overpay for convenience and instead wait for the true value.

Patience is indeed a virtue.

-

Mike Ashton | Barbados Buyer Advisor Independent. Unaligned. Discreet.

#MikeAshton #BarbadosAdvisory #BuySide #PropertySearch",IMAGE,https://www.instagram.com/p/DU-3dwQF2hq/,https://scontent-sjc6-1.cdninstagram.com/v/t51.82787-15/639607978_18090110174120341_7690507552141157246_n.jpg?stp=dst-jpg_e35_tt6&_nc_cat=102&ccb=7-5&_nc_sid=18de74&efg=eyJlZmdfdGFnIjoiRkVFRC5iZXN0X2ltYWdlX3VybGdlbi5DMyJ9&_nc_ohc=WUFGGWm_GUcQ7kNvwFCpyNm&_nc_oc=AdqQFktChq59hAs6m0bFz9mKgy-izTKQFIMSUVxjcVWMr88iHAzC4DhMAVuVaCAU-ik&_nc_zt=23&_nc_ht=scontent-sjc6-1.cdninstagram.com&edm=ANo9K5cEAAAA&_nc_gid=OTDKZrMHEN_EHeXsfxlTZQ&_nc_tpa=Q5bMBQFUUk47R3iLBC0YTcRdRFXAZomgWb3lLbpY24jN_DTi_32SfnacV1vzFAvEt8q0fVxklKg1ABqSYg&oh=00_AQBsykyOYmLNb_F2U9UgHMGbYUJnXwq6LBGhvHpKVKaWBQ&oe=6A6CFEAC,,2,0,,,,
17877081693482413,2026-02-19T16:22:29+0000,"Development Brief: Aspire — February 2026.

Primary inventory is now 85% allocated, with three of the twenty residences remaining available for sale.

Superstructure has been completed, and external works are progressing as delivery tracks toward Q4 2026.

Three-bedroom beachfront units are currently priced from $1.465M USD and structured through staged payments.

Financial documentation and floor plans are available on request.

Direct message for more information.

-

Mike Ashton | Barbados Buyer Advisor Independent. Unaligned. Discreet.

#MikeAshton #BarbadosAdvisory #BuySide #PropertySearch #Aspire2026",CAROUSEL_ALBUM,https://www.instagram.com/p/DU8i7udl3c3/,https://scontent-sjc3-1.cdninstagram.com/v/t51.82787-15/639478104_18090035189120341_8998772885627090533_n.jpg?stp=dst-jpg_e35_tt6&_nc_cat=105&ccb=7-5&_nc_sid=18de74&efg=eyJlZmdfdGFnIjoiQ0FST1VTRUxfSVRFTS5iZXN0X2ltYWdlX3VybGdlbi5DMyJ9&_nc_ohc=OyiB9NsP_M8Q7kNvwF7KBWX&_nc_oc=Ado0-pH2ESEYqpe3E7Rd2u-21dvDE6EBPW-j00FgCinkZI1W3gNzxaOdSlOgdHGEVEM&_nc_zt=23&_nc_ht=scontent-sjc3-1.cdninstagram.com&edm=ANo9K5cEAAAA&_nc_gid=LNtiiz9eVZBZckX1WimtnQ&_nc_tpa=Q5bMBQFJjL1ewVFtX8ShxM9QTayShij_NH5vbkn6K7ejVDE6izkUivksvDSdNdzVQnJjv4Ap-Uwo12WJqg&oh=00_AQAutu9-xgyDbLGSyf85jbUjviJwYC84U7ClTm4OEnIJjA&oe=6A6D0394,,2,0,,,,
17872423911438290,2026-02-18T18:00:27+0000,"Acquiring a significant asset in Barbados is rarely a straightforward personal transaction. Historically, the most sophisticated buyers have utilized offshore structures to hold their property, managing everything from transfer taxes to long-term succession planning.

Today, we see a new breed of buyer: those looking to integrate their lifestyle with a local business entity, or those moving their primary interests to the island entirely.
The risk lies in ""muddling through."" Buying first and figuring out the tax or trust structure later is a costly path. 

My role is to coordinate with your legal and fiscal advisors early, ensuring that the vehicle for your investment is as sound as the property itself.
We don't just find homes; we facilitate secure acquisitions.

-

Mike Ashton | Barbados Buyer Advisor Independent. Unaligned. Discreet.

#MikeAshton #BarbadosAdvisory #BuySide #PropertySearch",IMAGE,https://www.instagram.com/p/DU6JWLuF4-2/,https://scontent-sjc6-1.cdninstagram.com/v/t51.82787-15/639474713_18089954789120341_1831020502125819545_n.jpg?stp=dst-jpg_e35_tt6&_nc_cat=100&ccb=7-5&_nc_sid=18de74&efg=eyJlZmdfdGFnIjoiRkVFRC5iZXN0X2ltYWdlX3VybGdlbi5DMyJ9&_nc_ohc=D6iYHEhqjl8Q7kNvwG5Xwy-&_nc_oc=AdrO6MnKkFAIMZ2CcT1pN91s2RC0qzLjfTGUjM6S6opc2Uv2pup8KSLim54qYb3aEuk&_nc_zt=23&_nc_ht=scontent-sjc6-1.cdninstagram.com&edm=ANo9K5cEAAAA&_nc_gid=LNtiiz9eVZBZckX1WimtnQ&_nc_tpa=Q5bMBQE-9J3pcW1wUqs3E0pAs3AHoTs6SHPz8wSteXMNDi2uzmmP1dZsAGo_aIbMAkYp_bQlZWBK3cYLaA&oh=00_AQClpvnisD_trxw5CUWrigAPb0E11tbPHaurJ1aAK8XPMQ&oe=6A6CE37C,,5,0,,,,
17857597539613185,2026-02-17T20:22:12+0000,"Most sellers in the Barbados luxury market have no urgent need to move. They have high rental occupancy, stable revenue, and total discretion. 

To the casual observer, the market can seem impenetrable, and this is where the value of a Buyer Advisor is most visible. While the “general” rule is one of low motivation and firm pricing, there are always exceptions. My role is to know exactly which owners are ready to discuss a transition—not because of distress, but because of a shift in their long-term strategy. I manage the expectation gap so you don’t waste time on the “unmovable,” and I use my network to identify the “motivated” before they ever hit the public market.

You don’t just need access to listings. You need access to the truth behind them.

Mike Ashton | Barbados Buyer Advisor Independent. Unaligned. Discreet.

#MikeAshton #BarbadosAdvisory #BuySide #PropertySearch",IMAGE,https://www.instagram.com/p/DU30xXwiSDo/,https://scontent-sjc3-1.cdninstagram.com/v/t51.82787-15/629739103_18089875358120341_6644638665188657046_n.jpg?stp=dst-jpg_e35_tt6&_nc_cat=103&ccb=7-5&_nc_sid=18de74&efg=eyJlZmdfdGFnIjoiRkVFRC5iZXN0X2ltYWdlX3VybGdlbi5DMyJ9&_nc_ohc=4LSTobt_ovQQ7kNvwEqV3wZ&_nc_oc=AdrtP6LmYa1PdkZv2aZxRE1UVYIUf3jmB5b2ZfotryCAi60nHbl6D0JWk6aZ_GxugM0&_nc_zt=23&_nc_ht=scontent-sjc3-1.cdninstagram.com&edm=ANo9K5cEAAAA&_nc_gid=LNtiiz9eVZBZckX1WimtnQ&_nc_tpa=Q5bMBQGiWQYsigNx_8bD_YBgvqmn5Hg4eZXeC3exeBqsMT2m8ApmMUUvUTrQS61IOvY-M6m5zwYm-i8vMQ&oh=00_AQCzd7uhbFxKb5UPQonshyzbEtwM2yVGiVORmzqOhwgG_w&oe=6A6CF2C7,,2,0,,,,
17886605967434782,2026-02-12T17:35:04+0000,"We are now accepting formal instructions for the 2026 acquisition cycle. 

Cadrean provides private representation for clients securing high-value assets in Barbados. Discretion is the baseline.
-
Mike Ashton | Barbados Buyer Advisor 
Independent. Unaligned. Discreet 

#MikeAshton #BuyersAgent #BarbadosAdvisory #PropertySearch #WestCoastBarbados",IMAGE,https://www.instagram.com/p/DUqpxGriXtt/,https://scontent-sjc6-1.cdninstagram.com/v/t51.82787-15/627916634_18089381699120341_5293063971090722496_n.heic?stp=dst-jpg_e35_tt6&_nc_cat=109&ccb=7-5&_nc_sid=18de74&efg=eyJlZmdfdGFnIjoiRkVFRC5iZXN0X2ltYWdlX3VybGdlbi5DMyJ9&_nc_ohc=NsI8HE2YhTMQ7kNvwFa03zx&_nc_oc=AdqFlEsga7stHVJHWB-d6OX2RGirScSFv18fQsQrAppWfQVN_MzXve-smAVR89acvXc&_nc_zt=23&_nc_ht=scontent-sjc6-1.cdninstagram.com&edm=ANo9K5cEAAAA&_nc_gid=LNtiiz9eVZBZckX1WimtnQ&_nc_tpa=Q5bMBQE5iN3f23oeA9ioblRRu_7m_MbzEM1tq4l-PBpw0xHths1zjVJZxxhHk5LnxAATD3X4n3473zhwRQ&oh=00_AQBAwUP3YOUPrdbwxz_6FG692VVBXmyk2Kp4OIuohphxpA&oe=6A6CF1E7,,4,0,,,,
18090886670042197,2026-02-10T13:11:27+0000,"We do not hold inventory, ensuring complete objectivity in our advice. 

Our sole priority is the success of your mandate and the protection of your capital. Each acquisition is aligned strictly with your purchase objectives.

#MikeAshton #BarbadosAdvisory #BuySide #PropertySearch #CapitalProtection",IMAGE,https://www.instagram.com/p/DUlBzXZjg6T/,https://scontent-sjc3-1.cdninstagram.com/v/t51.82787-15/629072955_18089201291120341_8572021711846090307_n.jpg?stp=dst-jpg_e35_tt6&_nc_cat=105&ccb=7-5&_nc_sid=18de74&efg=eyJlZmdfdGFnIjoiRkVFRC5iZXN0X2ltYWdlX3VybGdlbi5DMyJ9&_nc_ohc=6j3079iANKsQ7kNvwEGqZ97&_nc_oc=AdofLH-lx3fp_HK_jKapRSOY2gXgIF36is-a_GtaXTt9vNfPSn2xhUSheOwR1SPtqkY&_nc_zt=23&_nc_ht=scontent-sjc3-1.cdninstagram.com&edm=ANo9K5cEAAAA&_nc_gid=LNtiiz9eVZBZckX1WimtnQ&_nc_tpa=Q5bMBQF6ivfySkwS3CaLquYFq5uvXkE7dPEKA-2MHx_W7qvZLLe9DGZYx7YNr95oEUlYBPBFkCoQemmQ8g&oh=00_AQDTIyFEnIlkei5HlN4zR3G-AkAyEDvkniMD7msadpgXuQ&oe=6A6CE285,,4,0,,,,
18205143877322210,2026-02-07T20:27:49+0000,"Spending the afternoon at the Garrison Savannah for the Coolmore “Home of Champions” Raceday. Since 1845, this turf has been the epicenter of Barbadian social and professional life.

In property, as in racing, success isn’t just about speed; it’s about understanding the “going.” Whether it’s navigating the complexities of an unregistered title or identifying the long-term value in a West Coast estate, having a seasoned perspective on the ground is what separates a spectator from a stakeholder.

At Residence Barbados, we bring that same level of historic context and strategic oversight to every search. Enjoy the races.

#MikeAshton #BarbadosAdvisory #GarrisonSavannah #PropertySearch #WestCoastBarbados",IMAGE,https://www.instagram.com/p/DUeFW2rDqn3/,https://scontent-sjc6-1.cdninstagram.com/v/t51.82787-15/629628794_18088980800120341_1546389523451382858_n.jpg?stp=dst-jpg_e35_tt6&_nc_cat=102&ccb=7-5&_nc_sid=18de74&efg=eyJlZmdfdGFnIjoiRkVFRC5iZXN0X2ltYWdlX3VybGdlbi5DMyJ9&_nc_ohc=m8QuFKTj3Y8Q7kNvwFIbxGe&_nc_oc=AdowvmlFsir3S0Rej6l4FnFd8OPWkNrOX4FoPyGiM-kmm3aUL9hlczRnlO9gh1D5zFo&_nc_zt=23&_nc_ht=scontent-sjc6-1.cdninstagram.com&edm=ANo9K5cEAAAA&_nc_gid=LNtiiz9eVZBZckX1WimtnQ&_nc_tpa=Q5bMBQGJxcz02bJ5HYxQmJU2Xu_21UmgWv2Iq1yOtXVWD7r1dGCSXTCbyZl_fYLmwM7c8yjjX2q7YQfyug&oh=00_AQBgglRo40zhgeHadgwB8o_nm3b0bIAkUdDkn1tOLh_tJg&oe=6A6CEB38,,5,0,,,,
18075915029615472,2026-02-05T15:40:06+0000,"Three lanes. One way of working.

Today, my work lives across three connected disciplines.

On the public side, Residence Barbados helps buyers navigate the open market through local insight, independence, and clarity.

Then there are situations that call for something quieter - where discretion, timing and control matter more than visibility. That’s where Cadrean comes in.
Behind both is the same foundation I’ve built over more than two decades: enterprise technology, systems, and process. The discipline that keeps complex operations secure, auditable, and calm is the same discipline that ensures private decisions are handled properly.

Different lanes.
Same ethics. Same standards.

The buyer decides how, and how quietly, they want to move forward.
-
Mike Ashton | Barbados Buyer Advisor 
Independent. Unaligned. Discreet.

#MikeAshton #BuyersAgent #BarbadosAdvisory #BarbadosRealEstate #PropertySearch",IMAGE,https://www.instagram.com/p/DUYbESTCVo2/,https://scontent-sjc3-1.cdninstagram.com/v/t51.82787-15/625678954_18088789340120341_6719232377343098958_n.heic?stp=dst-jpg_e35_tt6&_nc_cat=106&ccb=7-5&_nc_sid=18de74&efg=eyJlZmdfdGFnIjoiRkVFRC5iZXN0X2ltYWdlX3VybGdlbi5DMyJ9&_nc_ohc=pv1gWJLNI7IQ7kNvwFiFsuP&_nc_oc=AdpHuK2tlHT7bW8pvSs7ARORWDAVWpDdmRdhxBzCCl4WRzR2rTIdN6XbiFyuy-JhUU4&_nc_zt=23&_nc_ht=scontent-sjc3-1.cdninstagram.com&edm=ANo9K5cEAAAA&_nc_gid=LNtiiz9eVZBZckX1WimtnQ&_nc_tpa=Q5bMBQGt6mjeCZLq3I5Cqzmdp0-KXJ2oC_G4-shHu0dMeD9jXuSMBGd4zsl-2ccXq79su9yJJJNQGI0MPw&oh=00_AQBKARmhbrapqNV9mQe5L7ZU6i5cOIqjCJ-mqp8RGZ4qWg&oe=6A6D1658,,12,0,,,,
17953254135070694,2026-02-03T12:45:55+0000,"Market access in Barbados is a product of time and trust. Because I focus exclusively on the buy-side, I maintain strong, collaborative relationships with the island’s entire network of agents and developers.

This professional harmony means my clients aren't limited to a single portfolio. They benefit from a comprehensive view of the market, including off-market opportunities that are only shared through trusted channels.

Independence doesn't mean working alone; it means having the relationships to open every door on your behalf.

-

Mike Ashton | Barbados Buyer Advisor 
Independent. Unaligned. Discreet.

#MikeAshton #BuyersAgent #BarbadosAdvisory #BarbadosRealEstate #PropertySearch",IMAGE,https://www.instagram.com/p/DUS9bRsgK2K/,https://scontent-sjc6-1.cdninstagram.com/v/t51.82787-15/624998698_18088610885120341_7992559428125321553_n.heic?stp=dst-jpg_e35_tt6&_nc_cat=107&ccb=7-5&_nc_sid=18de74&efg=eyJlZmdfdGFnIjoiRkVFRC5iZXN0X2ltYWdlX3VybGdlbi5DMyJ9&_nc_ohc=9pVcRMHE4UkQ7kNvwGG6lgS&_nc_oc=AdqmOou1dcZXGnYd2yhFkOqsNklkBhyH-nVLLinxMqyV4Db4GPYiwTIvCL4Mg7Y-mc8&_nc_zt=23&_nc_ht=scontent-sjc6-1.cdninstagram.com&edm=ANo9K5cEAAAA&_nc_gid=LNtiiz9eVZBZckX1WimtnQ&_nc_tpa=Q5bMBQFXuOnwASZf9hGGEdcsDkohEmUdCimvuEMttp7JVp1Uw-GZvjHikmsMsxJmsUcVSPIeQ4PxtNSlDg&oh=00_AQB-LrM-NfTs2rRcYha3TpqKISyVnqG4Sl0X0L90tbu9GQ&oe=6A6D1032,,3,0,,,,
18082361723239875,2026-02-01T13:30:17+0000,"Most property searches in Barbados don’t start with certainty. They start with a general idea and a quiet sense that the timing may be right.

Clarity arrives later—after seeing enough to compare properly, understanding how the island works in practice, and verifying the long-term data. Not every day in the market requires a transaction. Sometimes the most valuable outcome is a tighter brief or a strategic pause.

In my practice, these are all successful outcomes.

High-value property decisions work better when they are allowed to take the shape they need, rather than the shape that appears first.

-

Mike Ashton | Barbados Buyer Advisor 
Independent. Unaligned. Discreet.

#MikeAshton #BuyersAgent #BarbadosAdvisory #BarbadosRealEstate #PropertySearch",IMAGE,https://www.instagram.com/p/DUN47UwjkUI/,https://scontent-sjc6-1.cdninstagram.com/v/t51.82787-15/625761533_18088435838120341_9062722959391816521_n.heic?stp=dst-jpg_e35_tt6&_nc_cat=109&ccb=7-5&_nc_sid=18de74&efg=eyJlZmdfdGFnIjoiRkVFRC5iZXN0X2ltYWdlX3VybGdlbi5DMyJ9&_nc_ohc=xxu5GAz9GSsQ7kNvwFDXHjK&_nc_oc=Adqlo8nh54yYrdjPeUyzTCcx7ZGnSWfEWHYahEGl35-55CMDjWDe4zdIr6NViM5BpTA&_nc_zt=23&_nc_ht=scontent-sjc6-1.cdninstagram.com&edm=ANo9K5cEAAAA&_nc_gid=LNtiiz9eVZBZckX1WimtnQ&_nc_tpa=Q5bMBQEmwN0P67zv27mcqVoZ3OwXBX0ePuk9M4CnEGs6EarARHNezkXOIoWvLXIswxmpSbGh7bmr8gr0fg&oh=00_AQD0hKZZCwKWJPuRZz_DNHj7vtPShg9whgiL8gbOCVd6HA&oe=6A6CFEE7,,4,0,,,,
18096009322941450,2026-01-30T16:10:02+0000,"There’s a moment in most property searches where things get noisy.

Options multiply.
Assumptions creep in.
And pressure starts to influence decisions that shouldn’t be rushed.

That’s usually where clarity gets lost.

Walking away should feel just as easy as leaning in. If it doesn’t, the decision isn’t ready yet. A “yes” that comes from fatigue or momentum rarely ages well.

Our role as Buyer’s Advisor is to simplify the complexity before that point — testing assumptions, filtering information, and slowing the process down enough for the right decision to surface naturally.

When a decision is right, it’s quiet.
No persuasion needed.

#BuyersAgent #BuyersAdvisor #AClearYes #PropertyAdvice #BarbadosRealEstate",IMAGE,https://www.instagram.com/p/DUJCQy2jrVR/,https://scontent-sjc3-1.cdninstagram.com/v/t51.82787-15/625936696_18088276718120341_246154438015871310_n.heic?stp=dst-jpg_e35_tt6&_nc_cat=110&ccb=7-5&_nc_sid=18de74&efg=eyJlZmdfdGFnIjoiRkVFRC5iZXN0X2ltYWdlX3VybGdlbi5DMyJ9&_nc_ohc=a0WAa2UCE_wQ7kNvwGpoIUl&_nc_oc=Adr6hYnhe5GYFKnsppqlJdGioEvecXh5D4tZgz04Zrj7-7UTdmg7msL21AhTvtvIX8o&_nc_zt=23&_nc_ht=scontent-sjc3-1.cdninstagram.com&edm=ANo9K5cEAAAA&_nc_gid=LNtiiz9eVZBZckX1WimtnQ&_nc_tpa=Q5bMBQGBu31RQCWts90w6D5Om86fZEc-yVsETOA27FZyVtdGjtHmqI8EjlZOoS_yRHsXUzep6Zp0tMujvQ&oh=00_AQCDY_VcpTG6zd0DXoOlVvb4uqrANv-p79TJMaH8r-rhbw&oe=6A6CEB0B,,5,0,,,,
18385369108148958,2026-01-29T14:00:55+0000,"The Only Position

I work in two ways.

Publicly, through Residence Barbados, helping buyers find the right property with full-market independence.

Privately, working with people I already know and trust — and those they trust — to explore assets quietly, without pressure or expectation.

There’s no mandate to push anything forward.
No requirement for interest to turn into action.
No need for a transaction to justify the conversation.

The only position I hold is alignment with the person sitting across the table.

That’s it.

#BuyersAgent #Trust
#PrivateWork #RelationshipLed #Discretion
#LongView #QuietConfidence #BarbadosRealEstate",IMAGE,https://www.instagram.com/p/DUGN_MyjumX/,https://scontent-sjc3-1.cdninstagram.com/v/t51.82787-15/623111910_18088146830120341_3111365674872310869_n.heic?stp=dst-jpg_e35_tt6&_nc_cat=103&ccb=7-5&_nc_sid=18de74&efg=eyJlZmdfdGFnIjoiRkVFRC5iZXN0X2ltYWdlX3VybGdlbi5DMyJ9&_nc_ohc=TlifwcLc19sQ7kNvwGa_co5&_nc_oc=AdpQm7fCgvBPU9BcNYKcQe0X5hWi59z_BBDtkk5_Jlxae9FPgkhD5Xz2GMF9HEk6Bog&_nc_zt=23&_nc_ht=scontent-sjc3-1.cdninstagram.com&edm=ANo9K5cEAAAA&_nc_gid=LNtiiz9eVZBZckX1WimtnQ&_nc_tpa=Q5bMBQFUurdemHibSL3q6znO7XFXwresQhYe7atB9Pf5ux-gjqztzx-5MZTGY3urgRkMVXgqZ9Q8wh_Iwg&oh=00_AQAfePoIdM27y6fQ8RNUZ21elX_QaeZLhAny_ymlZDc4Vg&oe=6A6D0E31,,18,0,,,,
18007130708687213,2026-01-28T20:00:15+0000,"My role is simple and defined.

I help people think clearly about residential decisions — by explaining process, local realities, and constraints, without pressure or agenda.

I don’t rush outcomes, frame opportunities, or push decisions forward.

I focus on clarity, structure, and what is practically possible.

If that kind of measured, straightforward perspective would be useful, I’m available.

#buyersagent #professionaljudgment #clarity #restraint",IMAGE,https://www.instagram.com/p/DUESXqYCZ5j/,https://scontent-sjc6-1.cdninstagram.com/v/t51.82787-15/622360879_18088066763120341_5943797275547945959_n.heic?stp=dst-jpg_e35_tt6&_nc_cat=101&ccb=7-5&_nc_sid=18de74&efg=eyJlZmdfdGFnIjoiRkVFRC5iZXN0X2ltYWdlX3VybGdlbi5DMyJ9&_nc_ohc=RF9pfn-c-BMQ7kNvwFmY-tA&_nc_oc=AdrgOoPOPMF7GeUYlnPYic4nYbcqFnoj_SuSWUpyBIiqQkdIgriiAJS8mkpBb1axcyA&_nc_zt=23&_nc_ht=scontent-sjc6-1.cdninstagram.com&edm=ANo9K5cEAAAA&_nc_gid=LNtiiz9eVZBZckX1WimtnQ&_nc_tpa=Q5bMBQEI5kSmJTZ4r2Eg_hemEx_PwiAA9bxMK5mFgeYXTzzpF2LBz_UQ0ZVHi9Wk0aIAowI3xYDl64Eong&oh=00_AQCMb03upvovIyrn_RX8J3jQnyTwV9r51m0WcIHe8-XH_A&oe=6A6D0FDC,,3,0,,,,
18177691930326632,2026-01-26T14:00:11+0000,"Most complexity doesn’t need solving immediately. It needs to be held long enough to understand what actually matters.

In my experience, restraint is rarely noticed in the moment, but it’s always noticed later; especially by people who operate inside fiduciary, legal, or long-horizon decisions.

Not everything benefits from momentum. Some things benefit from waiting until the question becomes precise.

#BuyersAgent #professionaljudgment #timing #discretion #restraint",IMAGE,https://www.instagram.com/p/DT-fmJNDk6K/,https://scontent-sjc3-1.cdninstagram.com/v/t51.82787-15/622603325_18087841487120341_101501810126313582_n.heic?stp=dst-jpg_e35_tt6&_nc_cat=103&ccb=7-5&_nc_sid=18de74&efg=eyJlZmdfdGFnIjoiRkVFRC5iZXN0X2ltYWdlX3VybGdlbi5DMyJ9&_nc_ohc=vcPSJ4AdWWMQ7kNvwHMKN9I&_nc_oc=Adobx4xO_U11VJ2G32twmbs4rXFgIjtdcnRFFJJ6pNNO4PIzrsSP27SqILXp5TjELuE&_nc_zt=23&_nc_ht=scontent-sjc3-1.cdninstagram.com&edm=ANo9K5cEAAAA&_nc_gid=LNtiiz9eVZBZckX1WimtnQ&_nc_tpa=Q5bMBQGd6qjO0FCw2qqjbtQnslS174rQ1ararnpUjm3JqjBa0rERRhdNgLGA6A0N--0ZQ7bgjMpFum22Qw&oh=00_AQBi-d_in6qzTjE2BMuq8lErQlzKDXZ845os3Ag_BpEyDw&oe=6A6CE7DB,,4,0,,,,
18342833746239336,2026-01-25T14:00:12+0000,"Most buyers focus on properties.

The better question is timing.

In Barbados, outcomes are shaped long before a viewing is arranged; by context, local realities, and how decisions are sequenced.

Seeing more homes rarely creates clarity.

Understanding the market usually does.

#BarbadosProperty #BuyersAgent #BuyerPerspective #MarketContext #RealEstateBarbados",IMAGE,https://www.instagram.com/p/DT763DkCR-h/,https://scontent-sjc6-1.cdninstagram.com/v/t51.82787-15/621302257_18087639362120341_3722487797693866184_n.heic?stp=dst-jpg_e35_tt6&_nc_cat=104&ccb=7-5&_nc_sid=18de74&efg=eyJlZmdfdGFnIjoiRkVFRC5iZXN0X2ltYWdlX3VybGdlbi5DMyJ9&_nc_ohc=aPi1kT2ImWgQ7kNvwGpUbma&_nc_oc=AdpWefRdhwwkZUPnIiXMtoeOmYrWgR_kf-Vs0IxqsTxqxX27Gd2OUCzYsUMM9ugLxQM&_nc_zt=23&_nc_ht=scontent-sjc6-1.cdninstagram.com&edm=ANo9K5cEAAAA&_nc_gid=LNtiiz9eVZBZckX1WimtnQ&_nc_tpa=Q5bMBQFc4mGI8B9_JFTihS2WlJX_BAptu2UuN_s5RD2hT6oDO7j56_WZNdsAC43-s1MVpfPCLQK2azgYDw&oh=00_AQBFWlPqGLOBmZ_JEex4lu-hqDUlRXZ_7fJY6SDCxSYG8A&oe=6A6CF79A,,4,0,,,,
17922002286230953,2026-01-24T13:53:46+0000,"Most property searches start online.

For many buyers, that’s where the confusion begins.

I work exclusively as a buyer’s agent in Barbados.
No listings. No seller representation.

My role is to represent the buyer — quietly, independently, and with a clear process — from the first conversation through to completion.

For some clients, that means relocating.
For others, it’s about consolidation, timing, or simply understanding the market before making a decision.

Every engagement begins with a private conversation. 

#BuyersAgent #BarbadosProperty #PrivateClients #DiscreetRealEstate #LuxuryRealEstate #Barbados",IMAGE,https://www.instagram.com/p/DT5VRVfgBsY/,https://scontent-sjc6-1.cdninstagram.com/v/t51.82787-15/619867162_18087616664120341_2731506793432146913_n.heic?stp=dst-jpg_e35_tt6&_nc_cat=101&ccb=7-5&_nc_sid=18de74&efg=eyJlZmdfdGFnIjoiRkVFRC5iZXN0X2ltYWdlX3VybGdlbi5DMyJ9&_nc_ohc=evabWh7pV_sQ7kNvwEK3iA9&_nc_oc=AdpstFl8FnWIENRs7UtToEJ1kqk0k4HZyRknEMO9Dn2IX0n0dt8j6vN3Sm4oqFBPN2M&_nc_zt=23&_nc_ht=scontent-sjc6-1.cdninstagram.com&edm=ANo9K5cEAAAA&_nc_gid=LNtiiz9eVZBZckX1WimtnQ&_nc_tpa=Q5bMBQFoJwzUJIuUTDAUUs_O1OL2PQYTRDtZchf_NwRoSLixoRwysAtCr873Dovugxaz3hdp7kJcOj31TQ&oh=00_AQA37pbIZdaP3t0EGz5VgxUBPrn6dr5jfmM3_WKo9E-GqA&oe=6A6CF317,,40,3,,,,
18092521085300106,2026-01-23T14:43:44+0000,"I work exclusively for buyers in Barbados.

My role is not to sell property, but to protect decision-making.

That means starting with a clear brief, curating options carefully, and managing the entire process so clients only see what genuinely fits their objectives, not what happens to be available.

This approach suits private clients and advisors who value discretion, preparation, and local insight over volume and noise.

#BuyersAgent #BarbadosProperty #PrivateClients",CAROUSEL_ALBUM,https://www.instagram.com/p/DT22Matjto7/,https://scontent-sjc6-1.cdninstagram.com/v/t51.82787-15/621386507_18087514010120341_4202179028867230672_n.heic?stp=dst-jpg_e35_tt6&_nc_cat=111&ccb=7-5&_nc_sid=18de74&efg=eyJlZmdfdGFnIjoiQ0FST1VTRUxfSVRFTS5iZXN0X2ltYWdlX3VybGdlbi5DMyJ9&_nc_ohc=XCdypjK_JzIQ7kNvwE6zHzA&_nc_oc=Adp6vhX0GR8vCEQ51Ynrf-U2UnN8cn5B3O2YDkViOydKpM9sWOlu9NicwgA-yXHqV8E&_nc_zt=23&_nc_ht=scontent-sjc6-1.cdninstagram.com&edm=ANo9K5cEAAAA&_nc_gid=LNtiiz9eVZBZckX1WimtnQ&_nc_tpa=Q5bMBQHW1W-GEf9T6yETXYwXnQoo4YUOMX4Ncsoe8C56-GkXZpreBSMS0_EHmwJqh4bTFhlL9RX73k_MoQ&oh=00_AQB1lf1IyY6lDVdJdpBK5oXV4X4HzXGvAzl5Sgn3t6zKrw&oe=6A6D1168,,20,3,,,,
17940428073104853,2026-01-23T00:50:10+0000,"30 properties in 7 days. A marathon week of due diligence for my current clients.

In the luxury market, the “right” home isn’t found in a brochure—it’s found through persistence and an unconflicted eye.

A sincere thank you to the Barbados listing community and developers. Your partnership is what makes this level of service possible.

The analysis begins. 🇧🇧

#BuyersAgent
#BarbadosProperty
#PrivateClients
#PropertyAcquisition
#BarbadosRealEstate",IMAGE,https://www.instagram.com/p/DT1WzRgCfxg/,https://scontent-sjc3-1.cdninstagram.com/v/t51.82787-15/619647407_18087438920120341_8178824554927973263_n.heic?stp=dst-jpg_e35_tt6&_nc_cat=105&ccb=7-5&_nc_sid=18de74&efg=eyJlZmdfdGFnIjoiRkVFRC5iZXN0X2ltYWdlX3VybGdlbi5DMyJ9&_nc_ohc=l1Qjp99btwQQ7kNvwGuHB1k&_nc_oc=AdqgGjdxrTMh3Yl7coOjeTkX2_qNUXexzkyE00REH7bSfrjZ-B79AODCSyy9z31Q9sQ&_nc_zt=23&_nc_ht=scontent-sjc3-1.cdninstagram.com&edm=ANo9K5cEAAAA&_nc_gid=LNtiiz9eVZBZckX1WimtnQ&_nc_tpa=Q5bMBQF4u9eu9GzixaFv9OwHTc98uB9c6OfJe4iE-2ygKZPbJVe5tW5633SWr1HYtMt_qhuZmBDIy0lUXQ&oh=00_AQBSaKxjwgN7W6H8lsX_b-oDPtd_fVKcv1y85I1CLBi0Ew&oe=6A6CF8DD,,7,1,,,,
18117329269525399,2026-01-22T22:37:47+0000,"Acquisition in Barbados is a nuanced process. Success requires more than just an online search. It requires a strategic filter. My role is to act as your objective advocate, vet inventory, protect your interests, and leverage my local relationships. Professional advocacy. Private access. 
.
Thirty years in sales has taught me that true value isn’t found in a brochure, it’s found in the negotiation, the due diligence, and the access to what is not for sale. Don’t forget the hard work!
.
Objective advocacy for the discerning buyer.

#BuyersAgent
#BarbadosProperty
#PrivateClients
#PropertyAcquisition
#BarbadosRealEstate",IMAGE,https://www.instagram.com/p/DT1HpluiX-A/,https://scontent-sjc6-1.cdninstagram.com/v/t51.82787-15/619594154_18087419024120341_8425981921377311468_n.jpg?stp=dst-jpg_e35_tt6&_nc_cat=111&ccb=7-5&_nc_sid=18de74&efg=eyJlZmdfdGFnIjoiRkVFRC5iZXN0X2ltYWdlX3VybGdlbi5DMyJ9&_nc_ohc=-0pY6MU29cYQ7kNvwE2ESku&_nc_oc=Ado4r0gCUkZEdYOyJJMxTMQSJXh5VOd43R-ZmLoU8r08tlMBhsgyxxxdBOURal5TznU&_nc_zt=23&_nc_ht=scontent-sjc6-1.cdninstagram.com&edm=ANo9K5cEAAAA&_nc_gid=LNtiiz9eVZBZckX1WimtnQ&_nc_tpa=Q5bMBQGtMdVoP_n83f_Xgdvqz__VPcalYBIB_mWv4sNkGnCUk9h3884JfklS6IW0iXXLCw079sz49CbUhQ&oh=00_AQDD2zEZrd2YOSjfcnCd9rVnXL3UFeMNSfe3Jwa7s-0KUg&oe=6A6CE80D,,64,5,,,,